date,time,temp,hum,dust,mdust
2024-10-18,18:53:57,24,62,0,0
2024-10-18,18:54:27,24,62,0,0
2024-10-18,18:54:58,24,62,0,0
2024-10-18,18:56:24,24,62,1,1
2024-10-18,18:56:36,24,62,1,1
2024-10-18,18:56:47,24,62,1,1
2024-10-18,18:56:58,24,62,0,0
2024-10-18,18:57:09,24,62,0,0
2024-10-18,18:57:21,25,71,0,0
2024-10-18,18:57:32,26,72,0,0
2024-10-18,18:57:43,25,70,1,0
2024-10-18,18:57:55,25,69,0,0
2024-10-18,18:58:06,25,68,0,0
2024-10-18,18:58:17,25,67,0,0
2024-10-18,18:58:28,25,66,0,0
2024-10-18,18:58:40,25,65,0,0
2024-10-18,18:58:51,25,64,0,0
2024-10-18,18:59:02,24,64,0,0
2024-11-05,15:04:36,23,39,3,3
2024-11-05,15:06:43,23,39,4,3
2024-11-05,15:07:12,23,39,4,3
2024-11-05,15:07:42,23,39,3,3
2024-11-05,16:05:20,23,43,2,2
2024-11-05,16:09:09,23,40,2,2
2024-11-05,16:16:41,24,39,1,1
2024-11-05,17:58:55,20,35,1,0
2024-11-05,18:02:41,22,37,0,0
2024-11-05,18:03:11,22,37,1,1
2024-11-05,18:03:40,22,37,1,0
2024-11-05,18:04:09,22,37,2,2
2024-11-05,18:04:38,22,37,3,1
2024-11-05,18:05:08,22,37,2,1
2024-11-05,18:05:37,22,37,1,1
2024-11-05,18:06:06,22,37,0,0
2024-11-05,18:06:35,22,37,2,1
2024-11-05,18:07:05,22,37,2,2
2024-11-05,18:08:10,22,37,0,0
2024-11-05,18:08:39,22,37,0,0
2024-11-05,18:10:11,22,37,0,0
2024-11-05,18:11:17,22,37,0,0
2024-11-05,18:11:47,22,37,0,0
2024-11-05,18:15:55,22,37,0,0
2024-11-05,18:16:05,22,38,1,1
2024-11-05,18:16:35,22,38,1,1
2024-11-05,18:17:04,22,38,0,0
2024-11-05,18:17:33,22,38,0,0
2024-11-05,18:18:02,22,38,0,0
2024-11-05,18:18:32,22,38,0,0
2024-11-05,18:19:01,22,38,0,0
2024-11-05,18:19:30,22,38,0,0
2024-11-05,18:19:59,22,38,0,0
2024-11-05,18:20:29,22,38,0,0
2024-11-05,18:20:58,22,38,1,1
2024-11-05,18:22:26,22,38,0,0
2024-11-05,18:22:35,22,38,1,1
2024-11-05,18:23:04,22,38,1,1
2024-11-05,18:29:09,22,38,0,0
2024-11-05,18:29:38,23,38,0,0
2024-11-05,19:01:17,23,38,1,1
2024-11-05,19:02:30,23,38,2,2
2024-11-05,19:04:45,23,38,0,0
2024-11-05,19:07:36,23,38,0,0
2024-11-05,19:14:36,23,38,1,1
2024-11-05,19:15:05,23,38,1,1
2024-11-05,19:15:34,23,38,0,0
2024-11-05,19:16:43,23,38,1,1
2024-11-05,19:18:36,23,38,1,1
2024-11-05,19:18:48,23,38,0,0
2024-11-05,19:20:49,23,38,1,1
2024-11-05,19:21:23,23,38,1,1
2024-11-05,19:21:52,23,38,1,1
2024-11-05,19:25:45,23,38,1,1
2024-11-05,19:26:16,23,38,1,1
2024-11-06,16:40:45,21,34,4,4
2024-11-06,16:42:03,23,35,5,4
2024-11-06,16:42:53,23,35,1,1
2024-11-06,16:43:14,23,35,4,2
2024-11-06,16:43:37,23,35,4,4
2024-11-06,16:52:00,23,35,2,2
2024-11-07,15:08:50,21,29,37,32
2024-11-07,15:14:55,22,26,36,30
2024-11-07,15:16:59,22,26,36,33
2024-11-07,15:19:50,22,26,35,31
2024-11-07,15:23:22,22,26,36,33
2024-11-07,15:27:15,22,26,37,33
2024-11-07,15:28:11,22,26,33,32
2024-11-07,15:37:39,22,26,34,32
2024-11-07,15:40:06,21,26,34,32
2024-11-07,15:41:53,21,26,37,34
2024-11-11,14:43:24,22,45,31,28
2024-11-11,14:43:54,23,44,33,30
2024-11-11,14:45:32,23,44,31,28
2024-11-11,14:48:24,23,43,31,30
2024-11-11,14:51:09,23,44,26,26
2024-11-11,14:51:38,23,43,25,25
2024-11-11,14:53:20,24,43,31,30
2024-11-11,14:53:49,24,43,33,32
2024-11-11,14:54:18,24,43,36,31
2024-11-11,16:26:42,21,47,38,33
2024-11-11,16:27:11,23,44,36,32
2024-11-11,16:27:40,23,44,27,27
2024-11-11,16:28:09,23,44,37,32
2024-11-11,16:28:39,23,44,33,31
2024-11-11,16:35:45,23,44,32,30
2024-11-11,16:36:14,23,45,32,30
2024-11-11,16:36:44,23,45,33,30
2024-11-14,17:04:41,21,50,8,6
2024-11-14,17:07:28,23,48,7,7
2024-11-14,17:07:41,23,48,7,7
2024-11-14,17:13:58,23,48,8,8
2024-11-14,17:15:31,23,48,8,8
2024-11-14,18:12:37,23,48,13,13
2024-11-14,18:16:04,22,47,15,15
2024-11-14,18:16:34,22,47,15,15
2024-11-14,18:17:20,22,47,21,19
2024-11-14,18:17:49,22,47,21,20
2024-11-14,18:18:51,23,47,21,21
2024-11-14,18:19:20,22,47,21,21
2024-11-15,14:24:29,24,49,18,17
2024-11-15,14:24:57,25,48,22,21
2024-11-15,14:25:41,25,48,22,21
2024-11-15,14:27:56,25,48,16,16
2024-11-15,14:35:28,26,48,22,21
2024-11-15,14:35:57,26,47,22,21
2024-11-15,14:36:26,26,47,20,20
2024-11-18,17:35:16,23,32,1,1
2024-11-18,17:37:02,23,32,0,0
2024-11-18,17:39:59,23,31,0,0
2024-11-18,17:45:25,23,31,1,1
2024-11-18,17:45:55,23,31,1,1
2024-11-18,17:48:25,23,32,1,1
2024-11-18,17:48:54,23,32,1,1
2024-11-18,17:49:23,23,32,2,2
2024-11-18,17:49:53,23,32,0,0
2024-11-18,17:50:22,23,43,0,0
2024-11-19,20:33:37,17,39,2,2
2024-11-19,20:34:06,21,42,1,1
2024-11-19,20:35:31,21,42,2,2
2024-11-19,20:59:36,21,42,3,3
2024-11-20,13:12:12,23,44,8,8
2024-11-20,13:12:41,24,43,10,10
2024-11-20,15:38:04,18,44,4,4
2024-11-20,15:38:33,25,43,4,4
2024-11-20,15:39:02,25,43,2,2
2024-11-20,15:39:31,25,43,5,5
2024-11-20,15:41:31,25,43,2,2
2024-11-20,15:42:00,24,44,3,3
2024-11-20,15:42:30,24,44,4,4
2024-11-20,15:43:32,23,44,3,3
2024-11-20,16:11:14,23,45,4,4
2024-11-20,16:11:43,23,47,5,5
2024-11-20,16:13:11,23,47,6,6
2024-11-20,16:13:44,23,47,3,3
2024-11-20,16:14:13,23,47,5,5
2024-11-20,16:14:44,23,47,3,3
2024-11-20,16:19:21,23,47,3,3
2024-11-20,16:20:18,23,47,6,5
2024-11-20,16:20:47,23,47,4,4
2024-11-20,16:26:39,23,47,5,5
2024-11-20,16:27:08,23,47,5,5
2024-11-20,16:28:54,23,47,6,6
2024-11-20,16:58:22,23,48,15,15
2024-11-20,16:58:52,23,48,16,16
2024-11-20,16:59:21,24,47,15,14
2024-11-20,16:59:50,24,47,14,13
2024-11-20,17:00:19,24,47,19,17
2024-11-20,17:00:49,24,48,15,15
2024-11-20,17:01:18,23,48,13,13
2024-11-20,17:01:47,23,48,17,17
2024-11-20,17:02:16,23,48,16,15
2024-11-20,17:02:46,23,48,15,15
2024-11-20,17:03:15,24,54,16,14
2024-11-20,17:03:44,25,78,17,16
2024-11-20,17:04:13,24,65,17,17
2024-11-20,17:04:43,24,58,18,16
2024-11-20,17:05:12,24,53,14,13
2024-11-20,17:05:41,23,50,14,13
2024-11-20,17:06:10,23,47,45,39
2024-11-20,17:06:40,23,45,42,36
2024-11-20,17:07:09,23,45,43,37
2024-11-20,17:07:38,23,45,43,35
2024-11-20,17:08:07,23,46,41,35
2024-11-20,17:08:37,23,47,35,31
2024-11-20,17:09:06,23,47,35,32
2024-11-20,17:09:35,23,47,31,30
2024-11-20,17:10:04,23,47,33,30
2024-11-20,17:10:34,23,47,30,30
2024-11-20,17:11:03,23,47,28,28
2024-11-20,17:11:32,23,47,32,30
2024-11-20,17:12:01,23,47,31,29
2024-11-20,17:12:31,23,48,32,30
2024-11-20,17:13:00,23,48,27,26
2024-11-20,17:13:29,23,48,27,26
2024-11-20,17:13:58,23,48,29,29
2024-11-20,17:14:28,23,48,30,28
2024-11-20,17:14:57,23,48,29,28
2024-11-20,17:15:26,23,48,28,28
2024-11-20,17:15:55,23,48,34,31
2024-11-20,17:16:25,23,48,24,23
2024-11-20,17:16:54,23,48,30,30
2024-11-20,17:17:23,22,48,28,27
2024-11-20,17:17:53,22,48,29,28
2024-11-20,17:18:22,23,48,28,27
2024-11-20,17:18:51,23,48,32,29
2024-11-20,17:19:20,23,48,28,26
2024-11-20,17:19:50,22,48,27,26
2024-11-20,17:20:19,23,48,30,30
2024-11-20,17:20:48,22,48,27,25
2024-11-20,17:21:17,22,48,23,23
2024-11-20,17:21:47,22,48,27,26
2024-11-20,17:22:16,22,48,30,29
2024-11-20,17:22:45,22,48,25,24
2024-11-20,17:23:14,22,48,27,25
2024-11-20,17:23:44,22,48,27,26
2024-11-20,17:24:13,22,48,27,27
2024-11-20,17:24:42,22,48,26,25
2024-11-20,17:25:11,22,48,28,27
2024-11-20,17:25:41,22,48,22,22
2024-11-20,17:26:10,22,48,28,26
2024-11-20,17:26:39,22,48,26,26
2024-11-20,17:27:08,22,48,32,30
2024-11-20,17:27:38,22,48,30,27
2024-11-20,17:28:07,22,48,25,25
2024-11-20,17:28:36,22,48,25,22
2024-11-20,17:29:05,22,48,29,28
2024-11-20,17:29:35,22,48,27,26
2024-11-20,17:30:04,22,48,29,28
2024-11-20,17:30:33,22,48,24,24
2024-11-20,17:31:02,22,48,29,29
2024-11-20,17:31:32,22,48,23,23
2024-11-20,17:32:01,22,48,24,23
2024-11-20,17:32:30,22,48,26,25
2024-11-20,17:32:59,22,48,25,24
2024-11-20,17:33:29,22,48,27,27
2024-11-20,17:33:58,22,48,25,25
2024-11-20,17:34:27,22,48,28,28
2024-11-20,17:34:57,22,47,28,26
2024-11-20,17:35:26,22,48,30,28
2024-11-20,17:35:55,22,48,32,31
2024-11-20,17:36:24,22,48,34,32
2024-11-20,17:36:54,22,48,32,29
2024-11-20,17:37:23,22,48,29,28
2024-11-20,17:37:52,22,48,30,30
2024-11-20,17:38:21,22,48,34,30
2024-11-20,17:38:51,22,48,31,30
2024-11-20,17:39:20,22,48,33,29
2024-11-20,17:39:49,22,48,33,30
2024-11-20,17:40:18,22,46,30,29
2024-11-20,17:40:48,22,45,29,25
2024-11-20,17:41:17,22,44,30,29
2024-11-20,17:41:46,22,44,49,42
2024-11-20,17:42:15,22,45,50,42
2024-11-20,17:42:45,22,46,47,40
2024-11-20,17:43:14,22,46,47,38
2024-11-20,17:43:43,22,47,37,33
2024-11-20,17:44:12,22,47,42,35
2024-11-20,17:44:42,22,47,39,34
2024-11-20,17:45:11,22,47,44,35
2024-11-20,17:45:40,22,47,41,35
2024-11-20,17:46:09,22,47,34,32
2024-11-20,17:46:39,22,47,32,29
2024-11-20,17:47:08,22,47,35,31
2024-11-20,17:47:37,22,47,38,34
2024-11-20,17:48:06,22,47,36,33
2024-11-20,17:48:36,22,47,38,33
2024-11-20,17:49:05,22,47,38,33
2024-11-20,17:49:34,22,47,37,33
2024-11-20,17:50:03,22,47,34,32
2024-11-20,17:50:33,22,47,35,33
2024-11-20,17:51:02,22,47,30,30
2024-11-20,17:51:31,22,47,32,31
2024-11-20,17:52:00,22,47,31,30
2024-11-20,17:52:30,22,47,34,30
2024-11-20,17:52:59,22,47,37,32
2024-11-20,17:53:28,22,47,33,31
2024-11-20,17:53:58,22,47,33,32
2024-11-20,17:54:27,22,47,35,31
2024-11-20,17:54:56,22,47,35,30
2024-11-20,17:55:25,22,47,32,31
2024-11-20,17:55:55,22,47,37,31
2024-11-20,17:56:24,22,47,30,30
2024-11-20,17:56:53,22,47,39,33
2024-11-20,17:57:22,22,47,29,27
2024-11-20,17:57:52,22,47,36,33
2024-11-20,17:58:21,22,47,35,32
2024-11-20,17:58:50,22,47,34,32
2024-11-20,17:59:19,22,47,33,30
2024-11-20,17:59:49,22,47,37,33
2024-11-20,18:00:18,22,47,35,32
2024-11-20,18:00:47,22,47,31,30
2024-11-20,18:01:16,22,47,30,27
2024-11-20,18:01:46,22,47,32,31
2024-11-20,18:02:15,22,47,33,32
2024-11-20,18:02:44,22,47,35,32
2024-11-20,18:03:13,22,47,34,32
2024-11-20,18:03:43,22,47,32,30
2024-11-20,18:04:12,22,47,35,31
2024-11-20,18:04:41,22,47,31,29
2024-11-20,18:05:10,22,47,33,30
2024-11-20,18:05:40,22,47,27,27
2024-11-20,18:06:09,22,47,31,30
2024-11-20,18:06:38,22,47,29,29
2024-11-20,18:07:07,22,47,28,28
2024-11-20,18:07:37,22,47,29,28
2024-11-20,18:08:06,22,47,26,26
2024-11-20,18:08:35,22,47,29,27
2024-11-20,18:09:04,22,47,30,29
2024-11-20,18:09:34,22,47,30,30
2024-11-20,18:10:03,22,47,29,29
2024-11-20,18:10:32,22,47,33,32
2024-11-20,18:11:02,22,47,36,33
2024-11-20,18:11:31,22,47,30,29
2024-11-20,18:12:00,22,47,31,30
2024-11-20,18:12:29,22,46,31,30
2024-11-20,18:12:59,22,45,28,28
2024-11-20,18:13:28,22,45,30,30
2024-11-20,18:13:57,22,45,28,28
2024-11-20,18:14:26,22,46,37,34
2024-11-20,18:14:56,22,47,47,40
2024-11-20,18:15:25,22,47,44,38
2024-11-20,18:15:54,22,47,47,39
2024-11-20,18:16:23,22,47,41,35
2024-11-20,18:16:53,22,47,36,33
2024-11-20,18:17:22,22,47,35,32
2024-11-20,18:17:51,22,47,39,34
2024-11-20,18:18:20,22,47,40,35
2024-11-20,18:18:50,22,47,39,34
2024-11-20,18:19:19,22,47,44,37
2024-11-20,18:19:48,22,47,40,35
2024-11-20,18:20:17,22,47,36,32
2024-11-20,18:20:47,22,47,39,35
2024-11-20,18:21:16,22,46,37,33
2024-11-20,18:21:45,22,46,36,33
2024-11-20,18:22:14,22,45,34,30
2024-11-20,18:22:44,22,46,36,32
2024-11-20,18:23:13,22,46,46,40
2024-11-20,18:23:42,22,47,47,40
2024-11-20,18:24:11,22,47,50,43
2024-11-20,18:24:41,22,47,47,40
2024-11-20,18:25:10,22,47,41,36
2024-11-20,18:25:39,22,47,43,36
2024-11-20,18:26:08,22,47,42,35
2024-11-20,18:26:38,22,47,39,35
2024-11-20,18:27:07,22,47,40,34
2024-11-20,18:27:36,22,47,37,33
2024-11-20,18:28:05,22,47,39,35
2024-11-20,18:28:35,22,47,36,33
2024-11-20,18:29:04,22,47,41,35
2024-11-20,18:29:33,22,47,37,33
2024-11-20,18:30:03,22,47,33,31
2024-11-20,18:30:32,22,47,36,32
2024-11-20,18:31:01,22,47,41,36
2024-11-20,18:31:30,22,47,37,34
2024-11-20,18:32:00,22,47,35,32
2024-11-20,18:32:29,22,47,36,33
2024-11-20,18:32:58,22,47,34,32
2024-11-20,18:33:27,22,48,33,32
2024-11-20,18:33:57,22,48,33,31
2024-11-20,18:34:26,22,48,39,35
2024-11-20,18:34:55,22,48,35,32
2024-11-20,18:35:24,22,48,34,32
2024-11-20,18:35:54,22,48,35,31
2024-11-20,18:36:23,22,48,33,31
2024-11-20,18:36:52,22,48,35,32
2024-11-20,18:37:21,22,48,34,31
2024-11-20,18:37:51,22,48,35,32
2024-11-20,18:38:20,22,48,33,32
2024-11-20,18:38:49,22,48,33,32
2024-11-20,18:39:18,22,48,35,33
2024-11-20,18:39:48,22,48,32,31
2024-11-20,18:40:17,22,48,30,29
2024-11-20,18:40:46,22,48,35,31
2024-11-20,18:41:15,22,48,33,31
2024-11-20,18:41:45,22,48,32,30
2024-11-20,18:42:14,22,48,40,35
2024-11-20,18:42:43,22,48,34,32
2024-11-20,18:43:12,22,48,35,30
2024-11-20,18:43:42,22,48,34,31
2024-11-20,18:44:11,22,48,35,32
2024-11-20,18:44:40,22,48,34,32
2024-11-20,18:45:10,22,48,29,28
2024-11-20,18:45:39,22,48,33,31
2024-11-20,18:46:08,22,48,36,32
2024-11-20,18:46:37,22,48,34,32
2024-11-20,18:47:07,22,48,33,32
2024-11-20,18:47:36,22,48,34,30
2024-11-20,18:48:05,22,48,31,30
2024-11-20,18:48:34,22,48,34,31
2024-11-20,18:49:04,22,48,31,28
2024-11-20,18:52:36,22,48,32,30
2024-11-20,18:52:47,22,48,33,32
2024-11-20,18:55:28,22,48,28,28
2024-11-20,18:55:57,22,48,28,28
2024-11-20,18:56:26,22,48,34,32
2024-11-20,18:56:56,22,48,31,29
2024-11-20,18:57:25,22,48,30,29
2024-11-20,18:57:54,22,48,33,30
2024-11-20,18:58:23,22,48,31,30
2024-11-20,18:58:53,22,48,30,29
2024-11-20,18:59:22,22,48,34,30
2024-11-20,18:59:51,22,48,27,27
2024-11-20,19:00:20,22,48,31,30
2024-11-20,19:00:50,22,48,32,31
2024-11-20,19:01:19,22,48,32,30
2024-11-20,19:01:48,22,48,34,32
2024-11-20,19:02:17,22,48,28,26
2024-11-20,19:02:47,22,48,30,29
2024-11-20,19:03:16,22,48,34,31
2024-11-20,19:03:45,22,48,35,32
2024-11-20,19:04:14,22,48,32,31
2024-11-20,19:04:44,22,48,32,31
2024-11-20,19:05:13,22,48,30,30
2024-11-20,19:05:42,22,48,33,32
2024-11-20,19:06:11,22,48,31,30
2024-11-20,19:06:41,22,48,27,27
2024-11-20,19:07:10,22,48,29,28
2024-11-20,19:07:39,22,48,30,29
2024-11-20,19:08:08,22,48,30,30
2024-11-20,19:08:38,22,48,34,32
2024-11-20,19:09:07,22,48,35,33
2024-11-20,19:09:36,22,48,30,29
2024-11-20,19:10:05,22,48,34,32
2024-11-20,19:10:35,22,48,33,32
2024-11-20,19:11:04,22,48,32,30
2024-11-20,19:11:33,22,48,32,30
2024-11-20,19:12:02,22,48,37,33
2024-11-20,19:12:32,22,48,31,30
2024-11-20,19:13:01,22,48,32,30
2024-11-20,19:13:30,22,48,26,26
2024-11-20,19:14:00,22,48,37,32
2024-11-20,19:14:29,22,48,34,32
2024-11-20,19:14:58,22,48,30,29
2024-11-20,19:15:27,22,48,33,31
2024-11-20,19:15:57,22,48,32,31
2024-11-20,19:16:26,22,48,30,30
2024-11-20,19:16:55,22,48,30,30
2024-11-20,19:17:24,22,48,31,29
2024-11-20,19:17:54,22,48,34,32
2024-11-20,19:18:23,22,48,31,30
2024-11-20,19:18:52,22,48,36,32
2024-11-20,19:19:21,22,48,34,32
2024-11-20,19:19:51,22,48,32,30
2024-11-20,19:20:20,22,48,31,29
2024-11-20,19:20:49,22,48,32,30
2024-11-20,19:21:18,23,48,26,26
2024-11-20,19:21:48,23,48,32,30
2024-11-20,19:22:17,22,48,32,30
2024-11-20,19:22:46,22,48,32,30
2024-11-20,19:23:15,22,48,32,30
2024-11-20,19:23:45,22,48,33,30
2024-11-20,19:24:14,22,48,33,32
2024-11-20,19:24:43,22,48,32,30
2024-11-20,19:25:12,22,48,35,32
2024-11-20,19:25:42,22,48,32,30
2024-11-20,19:26:11,22,48,35,32
2024-11-20,19:26:40,22,48,30,30
2024-11-20,19:27:09,22,48,34,31
2024-11-20,19:27:39,22,48,35,32
2024-11-20,19:28:08,22,48,34,32
2024-11-20,19:28:37,22,48,31,28
2024-11-20,19:29:06,22,48,32,31
2024-11-20,19:29:36,22,48,31,29
2024-11-20,19:30:05,22,48,35,33
2024-11-20,19:30:34,22,48,33,31
2024-11-20,19:31:04,22,48,29,29
2024-11-20,19:31:33,22,48,33,30
2024-11-20,19:32:02,22,48,32,30
2024-11-20,19:32:31,22,48,30,30
2024-11-20,19:33:01,22,48,36,33
2024-11-20,19:33:30,22,48,37,34
2024-11-20,19:33:59,22,48,33,29
2024-11-20,19:34:28,22,48,34,32
2024-11-20,19:34:58,22,48,30,29
2024-11-20,19:35:27,22,48,31,30
2024-11-20,19:35:56,22,48,33,31
2024-11-20,19:36:25,22,48,32,30
2024-11-20,19:36:55,22,48,34,32
2024-11-20,19:37:24,22,48,33,31
2024-11-20,19:37:53,22,48,31,28
2024-11-20,19:38:22,22,48,27,27
2024-11-20,19:38:52,22,48,30,30
2024-11-20,19:39:21,22,48,31,30
2024-11-20,19:39:50,22,48,36,33
2024-11-20,19:40:19,22,48,33,31
2024-11-20,19:40:49,22,48,34,32
2024-11-20,19:41:18,22,48,29,28
2024-11-20,19:41:47,22,48,30,29
2024-11-20,19:42:16,22,48,33,31
2024-11-20,19:42:46,22,48,32,30
2024-11-20,19:43:15,22,48,32,31
2024-11-20,19:43:44,22,48,34,31
2024-11-20,19:44:13,22,48,31,29
2024-11-20,19:44:43,22,48,32,31
2024-11-20,19:45:12,22,48,29,29
2024-11-20,19:45:41,22,48,32,30
2024-11-20,19:46:10,22,48,31,29
2024-11-20,19:46:40,22,48,29,27
2024-11-20,19:47:09,22,48,31,30
2024-11-20,19:47:38,22,48,31,29
2024-11-20,19:48:07,22,48,31,30
2024-11-20,19:48:37,22,48,33,32
2024-11-20,19:49:06,22,48,39,33
2024-11-20,19:49:35,22,48,32,30
2024-11-20,19:50:05,22,48,35,33
2024-11-20,19:50:34,22,48,33,30
2024-11-20,19:51:03,22,48,33,29
2024-11-20,19:51:32,22,48,31,30
2024-11-20,19:52:02,22,48,29,28
2024-11-20,19:52:31,22,48,28,26
2024-11-20,19:53:00,22,48,32,30
2024-11-20,19:53:29,22,48,30,29
2024-11-20,19:53:59,22,48,32,31
2024-11-20,19:54:28,22,48,33,30
2024-11-20,19:54:57,22,48,30,29
2024-11-20,19:55:26,22,48,28,28
2024-11-20,19:55:56,22,48,31,30
2024-11-20,19:56:25,22,48,34,32
2024-11-20,19:56:54,22,48,30,29
2024-11-20,19:57:23,22,49,38,32
2024-11-20,19:57:53,22,49,31,27
2024-11-20,19:58:22,22,49,29,29
2024-11-20,19:58:51,22,49,31,30
2024-11-20,19:59:20,22,49,37,33
2024-11-20,19:59:50,22,49,33,30
2024-11-20,20:00:19,22,49,31,30
2024-11-20,20:00:48,22,49,35,33
2024-11-20,20:01:17,22,49,39,34
2024-11-20,20:01:47,22,49,32,30
2024-11-20,20:02:16,22,48,35,33
2024-11-20,20:02:45,22,48,33,32
2024-11-20,20:03:14,22,48,34,32
2024-11-20,20:03:44,22,48,35,31
2024-11-20,20:04:13,22,48,34,31
2024-11-20,20:04:42,22,48,32,29
2024-11-20,20:05:11,22,48,36,33
2024-11-20,20:05:41,22,48,37,33
2024-11-20,20:06:10,22,48,30,29
2024-11-20,20:06:39,22,48,31,30
2024-11-20,20:07:08,22,48,35,32
2024-11-20,20:07:38,22,48,40,35
2024-11-20,20:08:07,22,48,36,32
2024-11-20,20:08:36,22,48,33,32
2024-11-20,20:09:06,22,48,35,32
2024-11-20,20:09:35,22,48,35,30
2024-11-20,20:10:04,22,48,31,29
2024-11-20,20:10:33,22,48,38,35
2024-11-20,20:11:03,22,48,38,33
2024-11-20,20:11:32,21,48,32,29
2024-11-20,20:12:01,21,48,34,31
2024-11-20,20:12:30,21,48,33,31
2024-11-20,20:13:00,21,48,40,35
2024-11-20,20:13:29,21,48,34,32
2024-11-20,20:13:58,21,48,36,33
2024-11-20,20:14:27,21,48,31,30
2024-11-20,20:14:57,21,48,37,33
2024-11-20,20:15:26,21,48,33,31
2024-11-20,20:15:55,21,48,34,32
2024-11-20,20:16:24,21,48,28,28
2024-11-20,20:16:54,21,48,31,30
2024-11-20,20:17:23,21,48,31,29
2024-11-20,20:17:52,21,48,34,32
2024-11-20,20:18:21,21,48,37,33
2024-11-20,20:18:51,21,48,34,31
2024-11-20,20:19:20,21,48,36,31
2024-11-20,20:19:49,21,48,33,30
2024-11-20,20:20:18,21,48,32,29
2024-11-20,20:20:48,21,48,34,32
2024-11-20,20:21:17,21,48,36,33
2024-11-20,20:21:46,21,48,34,32
2024-11-20,20:22:15,21,48,34,32
2024-11-20,20:22:45,21,48,36,33
2024-11-20,20:23:14,21,48,41,35
2024-11-20,20:23:43,21,48,37,34
2024-11-20,20:24:12,21,48,36,32
2024-11-20,20:24:42,21,48,35,33
2024-11-20,20:25:11,21,48,34,31
2024-11-20,20:25:40,21,48,33,30
2024-11-20,20:26:09,21,48,30,28
2024-11-20,20:26:39,21,48,36,33
2024-11-20,20:27:08,21,48,34,32
2024-11-20,20:27:37,21,47,31,30
2024-11-20,20:28:07,21,47,32,30
2024-11-20,20:28:36,21,47,37,32
2024-11-20,20:29:05,21,47,35,32
2024-11-20,20:29:34,21,47,33,30
2024-11-20,20:30:04,21,47,32,30
2024-11-20,20:30:33,21,47,32,30
2024-11-20,20:31:02,21,47,33,32
2024-11-20,20:31:31,21,47,35,33
2024-11-20,20:32:01,21,47,32,31
2024-11-20,20:32:30,21,47,36,33
2024-11-20,20:32:59,21,47,34,31
2024-11-20,20:33:28,21,47,33,30
2024-11-20,20:33:58,21,47,30,30
2024-11-20,20:34:27,21,47,36,32
2024-11-20,20:34:56,21,47,40,34
2024-11-20,20:35:25,21,47,36,33
2024-11-20,20:35:55,21,47,28,28
2024-11-20,20:36:24,21,47,37,32
2024-11-20,20:36:53,21,47,32,30
2024-11-20,20:37:22,21,47,34,31
2024-11-20,20:37:52,21,47,33,31
2024-11-20,20:38:21,21,47,30,30
2024-11-20,20:38:50,21,47,33,31
2024-11-20,20:39:19,21,47,34,32
2024-11-20,20:39:49,21,47,33,30
2024-11-20,20:40:18,21,47,30,29
2024-11-20,20:40:47,21,47,31,30
2024-11-20,20:41:16,21,47,32,30
2024-11-20,20:41:46,21,47,38,33
2024-11-20,20:42:15,21,47,32,30
2024-11-20,20:42:44,21,47,29,28
2024-11-20,20:43:13,21,47,33,31
2024-11-20,20:43:43,21,47,36,33
2024-11-20,20:44:12,21,47,36,32
2024-11-20,20:44:41,21,47,31,30
2024-11-20,20:45:10,21,47,33,32
2024-11-20,20:45:40,21,47,33,31
2024-11-20,20:46:09,21,47,31,30
2024-11-20,20:46:38,21,47,34,29
2024-11-20,20:47:08,21,47,32,31
2024-11-20,20:47:37,21,47,33,31
2024-11-20,20:48:06,21,47,36,32
2024-11-20,20:48:35,21,47,33,30
2024-11-20,20:49:05,21,47,32,29
2024-11-20,20:49:34,21,47,33,31
2024-11-20,20:50:03,21,47,33,31
2024-11-20,20:50:32,21,47,33,31
2024-11-20,20:51:02,21,47,34,30
2024-11-20,20:51:31,21,47,34,31
2024-11-20,20:52:00,21,47,35,31
2024-11-20,20:52:29,21,48,38,33
2024-11-20,20:52:59,21,48,33,32
2024-11-20,20:53:28,21,48,32,30
2024-11-20,20:53:57,21,48,35,32
2024-11-20,20:54:26,21,48,35,32
2024-11-20,20:54:56,21,48,32,31
2024-11-20,20:55:25,21,48,35,32
2024-11-20,20:55:54,21,48,32,31
2024-11-20,20:56:23,21,48,33,30
2024-11-20,20:56:53,21,48,32,31
2024-11-20,20:57:22,21,48,28,28
2024-11-20,20:57:51,21,48,30,28
2024-11-20,20:58:20,21,48,29,29
2024-11-20,20:58:50,21,48,31,29
2024-11-20,20:59:19,21,48,36,33
2024-11-20,20:59:48,21,48,37,34
2024-11-20,21:00:17,21,47,36,32
2024-11-20,21:00:47,21,47,32,30
2024-11-20,21:01:16,21,47,33,31
2024-11-20,21:01:45,21,47,35,32
2024-11-20,21:02:14,21,47,33,31
2024-11-20,21:02:44,21,47,33,32
2024-11-20,21:03:13,21,47,35,32
2024-11-20,21:03:42,21,47,35,30
2024-11-20,21:04:11,21,47,31,28
2024-11-20,21:04:41,21,47,32,31
2024-11-20,21:05:10,21,47,33,29
2024-11-20,21:05:39,21,47,32,31
2024-11-20,21:06:09,21,47,31,29
2024-11-20,21:06:38,21,47,30,29
2024-11-20,21:07:07,21,47,37,34
2024-11-20,21:07:36,21,48,34,31
2024-11-20,21:08:06,21,49,32,31
2024-11-20,21:08:35,21,51,32,30
2024-11-20,21:09:04,21,51,36,32
2024-11-20,21:09:33,21,51,37,33
2024-11-20,21:10:03,21,51,34,32
2024-11-20,21:10:32,21,50,35,32
2024-11-20,21:11:01,21,50,35,31
2024-11-20,21:11:30,21,50,37,34
2024-11-20,21:12:00,21,50,39,32
2024-11-20,21:12:29,21,50,36,32
2024-11-20,21:12:58,21,50,36,33
2024-11-20,21:13:27,21,49,37,32
2024-11-20,21:13:57,21,49,35,31
2024-11-20,21:14:26,21,49,32,29
2024-11-20,21:14:55,21,49,37,32
2024-11-20,21:15:24,21,49,39,34
2024-11-20,21:23:34,22,49,39,35
2024-11-20,21:24:03,22,48,39,35
2024-11-20,21:24:32,22,48,31,29
2024-11-20,21:25:02,22,48,36,33
2024-11-20,21:25:31,22,48,31,30
2024-11-20,21:26:00,22,48,36,32
2024-11-20,21:26:30,22,48,35,33
2024-11-20,21:26:59,22,48,35,33
2024-11-20,21:27:28,22,48,38,34
2024-11-20,21:27:57,22,48,39,35
2024-11-20,21:28:27,22,48,36,33
2024-11-20,21:28:56,22,48,39,35
2024-11-20,21:29:25,22,48,35,32
2024-11-20,21:29:54,22,48,33,32
2024-11-20,21:30:24,22,48,36,33
2024-11-20,21:30:53,22,48,39,35
2024-11-20,21:31:22,22,48,36,33
2024-11-20,21:31:51,22,48,37,34
2024-11-20,21:32:21,22,48,33,31
2024-11-20,21:32:50,22,48,40,34
2024-11-20,21:33:19,22,48,39,34
2024-11-20,21:33:48,22,48,36,31
2024-11-20,21:34:18,22,48,37,33
2024-11-20,21:34:47,22,48,37,34
2024-11-20,21:35:16,22,48,36,32
2024-11-20,21:35:45,22,48,39,35
2024-11-20,21:36:15,22,48,34,32
2024-11-20,21:36:44,22,48,34,32
2024-11-20,21:37:13,22,48,38,33
2024-11-20,21:37:42,22,48,37,32
2024-11-20,21:38:12,22,48,32,30
2024-11-20,21:38:41,22,48,36,31
2024-11-20,21:39:10,22,48,36,33
2024-11-20,21:39:39,22,48,31,30
2024-11-20,21:40:09,22,48,37,33
2024-11-20,21:40:38,22,48,37,33
2024-11-20,21:41:07,22,48,34,32
2024-11-20,21:41:36,22,48,32,31
2024-11-20,21:42:06,22,48,35,33
2024-11-20,21:42:35,22,48,34,32
2024-11-20,21:43:04,22,48,34,31
2024-11-20,21:43:33,22,48,40,34
2024-11-20,21:44:03,22,48,38,35
2024-11-20,21:44:32,22,48,34,32
2024-11-20,21:45:01,22,48,34,32
2024-11-20,21:45:31,22,48,33,32
2024-11-20,21:46:00,22,48,36,31
2024-11-20,21:46:29,22,48,33,30
2024-11-20,21:46:58,22,48,35,32
2024-11-20,21:47:28,22,48,33,32
2024-11-20,21:47:57,22,48,32,31
2024-11-20,21:48:26,22,48,34,30
2024-11-20,21:48:55,22,48,36,32
2024-11-20,21:49:25,22,48,36,32
2024-11-20,21:49:54,22,48,36,32
2024-11-20,21:50:23,22,48,37,32
2024-11-20,21:50:52,22,48,32,30
2024-11-20,21:51:22,22,48,33,30
2024-11-20,21:51:51,22,48,33,30
2024-11-20,21:52:20,22,48,33,31
2024-11-20,21:52:49,22,48,36,33
2024-11-20,21:53:19,22,48,29,29
2024-11-20,21:53:48,22,48,29,29
2024-11-20,21:54:17,22,48,29,29
2024-11-20,21:54:46,22,48,34,32
2024-11-20,21:55:16,22,48,31,28
2024-11-20,21:55:45,22,48,33,29
2024-11-20,21:56:14,22,48,30,29
2024-11-20,21:56:43,22,48,31,30
2024-11-20,21:57:13,22,48,36,32
2024-11-20,21:57:42,22,48,35,33
2024-11-20,21:58:11,22,48,37,32
2024-11-20,21:58:40,22,48,35,30
2024-11-20,21:59:10,22,48,33,32
2024-11-20,21:59:39,22,48,36,33
2024-11-20,22:00:08,22,48,32,29
2024-11-20,22:00:37,22,48,28,28
2024-11-20,22:01:07,22,48,36,33
2024-11-20,22:01:36,22,48,27,27
2024-11-20,22:02:05,22,48,29,29
2024-11-20,22:02:34,22,48,34,32
2024-11-20,22:03:04,22,48,33,31
2024-11-20,22:03:33,22,48,28,28
2024-11-20,22:04:02,22,48,34,30
2024-11-20,22:04:32,22,48,34,31
2024-11-20,22:05:01,22,48,32,31
2024-11-20,22:05:30,22,48,37,32
2024-11-20,22:05:59,22,48,28,28
2024-11-20,22:06:29,22,48,31,29
2024-11-20,22:06:58,22,48,29,29
2024-11-20,22:07:27,22,48,33,31
2024-11-20,22:07:56,22,48,30,30
2024-11-20,22:08:26,22,48,34,29
2024-11-20,22:08:55,22,48,34,30
2024-11-20,22:09:24,22,48,34,31
2024-11-20,22:09:53,22,48,31,30
2024-11-20,22:10:23,22,48,31,30
2024-11-20,22:10:52,22,48,30,29
2024-11-20,22:11:21,22,48,32,30
2024-11-20,22:11:50,22,48,35,32
2024-11-20,22:12:20,22,48,34,30
2024-11-20,22:12:49,22,48,30,29
2024-11-20,22:13:18,22,48,39,32
2024-11-20,22:13:47,22,48,35,31
2024-11-20,22:14:17,22,48,34,32
2024-11-20,22:14:46,22,48,33,31
2024-11-20,22:15:15,22,48,32,30
2024-11-20,22:15:44,22,48,31,30
2024-11-20,22:16:14,22,48,31,30
2024-11-20,22:16:43,22,48,33,31
2024-11-20,22:17:12,22,48,27,27
2024-11-20,22:17:41,22,48,32,31
2024-11-20,22:18:11,22,48,32,30
2024-11-20,22:18:40,22,48,32,30
2024-11-20,22:19:09,22,48,31,30
2024-11-20,22:19:38,22,48,32,29
2024-11-20,22:20:08,22,48,34,32
2024-11-20,22:20:37,22,48,31,29
2024-11-20,22:21:06,22,48,32,31
2024-11-20,22:21:35,22,48,33,31
2024-11-20,22:22:05,22,49,32,30
2024-11-20,22:22:34,22,48,32,31
2024-11-20,22:23:03,22,48,30,30
2024-11-20,22:23:33,22,48,32,31
2024-11-20,22:24:02,22,48,29,29
2024-11-20,22:24:31,22,48,29,29
2024-11-20,22:25:00,22,48,29,28
2024-11-20,22:25:30,22,48,27,26
2024-11-20,22:25:59,22,48,31,29
2024-11-20,22:26:28,22,48,32,30
2024-11-20,22:26:57,22,48,37,33
2024-11-20,22:27:27,22,48,31,30
2024-11-20,22:27:56,22,48,28,27
2024-11-20,22:28:25,22,48,32,31
2024-11-20,22:28:54,22,48,32,30
2024-11-20,22:29:24,22,48,28,27
2024-11-20,22:29:53,22,48,28,28
2024-11-20,22:30:22,22,48,29,29
2024-11-20,22:30:51,22,48,28,28
2024-11-20,22:40:44,22,48,34,32
2024-11-20,22:54:43,22,48,33,30
2024-11-20,23:01:59,22,48,27,26
2024-11-20,23:02:28,22,48,26,26
2024-11-20,23:02:57,23,48,30,30
2024-11-20,23:03:27,23,48,31,29
2024-11-20,23:03:56,23,48,29,27
2024-11-20,23:04:25,23,48,31,30
2024-11-20,23:04:54,23,48,28,28
2024-11-20,23:05:24,23,48,31,29
2024-11-20,23:05:53,23,48,25,24
2024-11-20,23:06:22,23,48,35,33
2024-11-20,23:06:51,23,48,35,33
2024-11-20,23:07:21,23,48,29,29
2024-11-20,23:07:50,23,48,32,31
2024-11-20,23:08:19,23,48,24,24
2024-11-20,23:08:49,23,48,26,26
2024-11-20,23:09:18,23,48,31,30
2024-11-20,23:09:47,23,48,30,30
2024-11-20,23:10:16,23,48,32,31
2024-11-20,23:10:46,23,48,31,30
2024-11-20,23:11:15,23,48,28,28
2024-11-20,23:11:44,23,48,29,28
2024-11-20,23:12:13,23,48,28,28
2024-11-20,23:12:43,23,48,27,27
2024-11-20,23:13:12,23,48,28,27
2024-11-20,23:13:41,23,48,30,28
2024-11-20,23:14:10,23,48,29,27
2024-11-20,23:14:40,23,48,28,27
2024-11-20,23:15:09,23,48,30,28
2024-11-20,23:15:38,23,48,33,30
2024-11-20,23:16:07,23,48,27,27
2024-11-20,23:16:37,23,48,32,29
2024-11-20,23:17:06,23,48,34,30
2024-11-20,23:17:35,23,48,25,25
2024-11-20,23:18:04,23,48,27,27
2024-11-20,23:18:34,23,48,30,30
2024-11-20,23:19:03,23,48,30,30
2024-11-20,23:19:32,23,48,29,28
2024-11-20,23:20:01,23,48,30,29
2024-11-20,23:20:31,23,48,27,27
2024-11-20,23:21:00,23,48,31,29
2024-11-20,23:21:29,23,48,27,26
2024-11-20,23:21:58,23,48,28,28
2024-11-20,23:22:28,23,48,30,29
2024-11-20,23:22:57,23,48,30,28
2024-11-20,23:23:26,23,48,28,26
2024-11-20,23:23:55,23,48,30,28
2024-11-20,23:24:25,23,48,29,28
2024-11-20,23:24:54,23,48,29,29
2024-11-20,23:25:23,23,48,25,24
2024-11-20,23:25:53,23,48,29,25
2024-11-20,23:26:22,23,48,29,29
2024-11-20,23:26:51,23,48,31,27
2024-11-20,23:27:20,23,48,31,29
2024-11-20,23:27:50,23,48,31,29
2024-11-20,23:28:19,23,48,26,26
2024-11-20,23:28:48,23,48,30,30
2024-11-20,23:29:17,23,48,29,29
2024-11-20,23:29:47,23,48,27,26
2024-11-20,23:30:16,23,48,27,27
2024-11-20,23:30:45,23,48,29,27
2024-11-20,23:31:14,23,48,29,25
2024-11-20,23:31:44,23,48,28,28
2024-11-20,23:32:13,23,48,30,28
2024-11-20,23:32:42,23,48,29,27
2024-11-20,23:33:11,23,48,28,25
2024-11-20,23:33:41,23,48,27,25
2024-11-20,23:34:10,23,48,30,29
2024-11-20,23:34:39,23,48,28,27
2024-11-20,23:35:08,23,48,33,28
2024-11-20,23:35:38,23,48,29,29
2024-11-20,23:36:07,23,48,32,30
2024-11-20,23:36:36,23,48,28,26
2024-11-20,23:37:05,23,48,31,30
2024-11-20,23:37:35,23,48,29,28
2024-11-20,23:38:04,23,48,29,29
2024-11-20,23:38:33,23,48,29,28
2024-11-20,23:39:02,23,48,28,28
2024-11-20,23:39:32,23,48,29,27
2024-11-20,23:40:01,23,48,26,26
2024-11-20,23:40:30,23,48,30,28
2024-11-20,23:40:59,23,48,27,26
2024-11-20,23:41:29,23,48,25,23
2024-11-20,23:41:58,23,48,30,29
2024-11-20,23:42:27,23,48,26,26
2024-11-20,23:42:56,23,48,30,29
2024-11-20,23:43:26,23,48,32,30
2024-11-20,23:43:55,23,48,29,27
2024-11-20,23:44:24,23,48,28,28
2024-11-20,23:44:53,23,48,29,28
2024-11-20,23:45:23,23,48,28,28
2024-11-20,23:45:52,23,48,29,28
2024-11-20,23:46:21,23,48,28,27
2024-11-20,23:46:51,23,48,30,29
2024-11-20,23:47:20,23,48,28,27
2024-11-20,23:47:49,23,48,26,26
2024-11-20,23:48:18,23,48,31,27
2024-11-20,23:48:48,23,48,31,30
2024-11-20,23:49:17,23,48,28,26
2024-11-20,23:49:46,23,48,29,28
2024-11-20,23:50:15,23,48,26,26
2024-11-20,23:50:45,23,48,28,26
2024-11-20,23:51:14,23,49,27,26
2024-11-20,23:51:43,23,49,29,28
2024-11-20,23:52:12,23,49,25,23
2024-11-20,23:52:42,23,49,26,25
2024-11-20,23:53:11,23,49,27,27
2024-11-20,23:53:40,23,49,24,24
2024-11-20,23:54:09,23,49,27,26
2024-11-20,23:54:39,23,49,22,21
2024-11-20,23:55:08,23,49,27,26
2024-11-20,23:55:37,23,49,26,24
2024-11-20,23:56:06,23,49,24,22
2024-11-20,23:56:36,23,49,24,22
2024-11-20,23:57:05,23,49,26,26
2024-11-20,23:57:34,23,49,28,27
2024-11-20,23:58:03,23,49,28,27
2024-11-20,23:58:33,23,49,24,23
2024-11-20,23:59:02,23,49,25,23
2024-11-20,23:59:31,23,49,22,22
2024-11-21,00:00:00,23,49,27,26
2024-11-21,00:00:30,23,49,24,24
2024-11-21,00:00:59,23,49,25,25
2024-11-21,00:01:28,23,49,28,28
2024-11-21,00:01:57,23,49,24,24
2024-11-21,00:02:27,23,49,24,24
2024-11-21,00:02:56,23,49,24,24
2024-11-21,00:03:25,23,49,28,28
2024-11-21,00:03:55,23,49,28,28
2024-11-21,00:04:24,23,49,31,29
2024-11-21,00:04:53,23,49,26,24
2024-11-21,00:05:22,23,49,31,30
2024-11-21,00:05:52,23,49,23,23
2024-11-21,00:06:21,23,49,26,24
2024-11-21,00:06:50,23,49,27,25
2024-11-21,00:07:19,23,49,24,23
2024-11-21,00:07:49,23,49,25,24
2024-11-21,00:08:18,23,49,29,26
2024-11-21,00:08:47,23,49,29,28
2024-11-21,00:09:16,23,49,24,23
2024-11-21,00:10:35,23,49,27,27
2024-11-21,00:11:04,23,49,27,27
2024-11-21,00:11:33,23,49,24,24
2024-11-21,00:12:02,23,49,23,23
2024-11-21,00:12:32,23,49,27,25
2024-11-21,00:13:01,23,49,28,26
2024-11-21,00:13:30,23,49,22,21
2024-11-21,00:13:59,23,49,24,24
2024-11-21,00:14:29,23,49,28,26
2024-11-21,00:14:58,23,49,22,22
2024-11-21,00:15:27,23,49,23,23
2024-11-21,00:15:56,23,49,20,20
2024-11-21,00:16:26,23,49,24,24
2024-11-21,00:16:55,23,49,24,23
2024-11-21,00:17:24,23,49,22,22
2024-11-21,00:17:53,23,49,25,25
2024-11-21,00:18:23,23,49,23,23
2024-11-21,00:18:52,23,49,25,22
2024-11-21,00:19:21,23,49,22,22
2024-11-21,00:19:50,23,49,24,23
2024-11-21,00:20:20,23,49,22,22
2024-11-21,00:20:49,23,49,22,20
2024-11-21,00:21:18,23,49,22,22
2024-11-21,00:21:47,23,49,23,23
2024-11-21,00:22:17,23,49,26,25
2024-11-21,00:22:46,23,49,24,24
2024-11-21,00:23:15,23,49,23,23
2024-11-21,00:23:44,23,49,22,22
2024-11-21,00:24:14,23,49,24,24
2024-11-21,00:24:43,23,49,26,25
2024-11-21,00:25:12,23,49,27,24
2024-11-21,00:25:41,23,49,23,23
2024-11-21,00:26:11,23,49,27,27
2024-11-21,00:26:40,23,49,27,26
2024-11-21,00:27:09,23,49,27,25
2024-11-21,00:27:39,23,49,25,25
2024-11-21,00:28:08,23,49,26,24
2024-11-21,00:28:37,23,49,22,22
2024-11-21,00:29:06,23,49,22,21
2024-11-21,00:29:36,23,49,24,24
2024-11-21,00:30:05,23,49,29,29
2024-11-21,00:30:34,23,49,24,24
2024-11-21,00:31:03,23,49,21,20
2024-11-21,00:31:33,23,49,26,26
2024-11-21,00:32:02,23,49,22,22
2024-11-21,00:32:31,23,49,25,24
2024-11-21,00:33:00,23,49,22,22
2024-11-21,00:33:30,23,49,23,23
2024-11-21,00:33:59,23,49,24,24
2024-11-21,00:34:28,23,49,23,22
2024-11-21,00:34:57,23,49,22,20
2024-11-21,00:35:27,23,49,24,24
2024-11-21,00:35:56,23,49,18,18
2024-11-21,00:36:25,23,49,22,22
2024-11-21,00:36:54,23,49,20,20
2024-11-21,00:37:24,23,49,26,23
2024-11-21,00:37:53,23,48,20,20
2024-11-21,00:38:22,23,48,23,23
2024-11-21,00:38:51,23,48,24,24
2024-11-21,00:39:21,23,48,23,20
2024-11-21,00:39:50,23,48,23,21
2024-11-21,00:40:19,23,48,27,26
2024-11-21,00:40:48,23,48,24,24
2024-11-21,00:41:18,23,48,21,20
2024-11-21,00:41:47,23,48,25,24
2024-11-21,00:42:16,23,48,24,24
2024-11-21,00:42:45,23,48,24,23
2024-11-21,00:43:15,23,48,22,21
2024-11-21,00:43:44,23,48,22,22
2024-11-21,00:44:13,23,48,26,25
2024-11-21,00:44:42,23,49,21,21
2024-11-21,00:45:12,23,49,25,21
2024-11-21,00:45:41,23,49,23,23
2024-11-21,00:46:10,23,49,25,25
2024-11-21,00:46:39,23,49,22,19
2024-11-21,00:47:09,23,49,22,22
2024-11-21,00:47:38,23,49,19,18
2024-11-21,00:48:07,23,48,24,24
2024-11-21,00:48:37,23,48,21,20
2024-11-21,00:49:06,23,48,21,20
2024-11-21,00:49:35,23,48,24,22
2024-11-21,00:50:04,23,49,22,21
2024-11-21,00:50:34,23,49,25,25
2024-11-21,00:51:03,23,49,25,25
2024-11-21,00:51:32,23,49,21,20
2024-11-21,00:52:01,23,49,27,24
2024-11-21,00:52:31,23,49,23,22
2024-11-21,00:53:00,23,49,26,25
2024-11-21,00:53:29,23,49,24,22
2024-11-21,00:53:58,23,49,21,21
2024-11-21,00:54:28,23,49,27,25
2024-11-21,00:54:57,23,49,22,22
2024-11-21,00:55:26,23,49,24,23
2024-11-21,00:55:55,23,49,27,26
2024-11-21,00:56:25,23,49,23,23
2024-11-21,00:56:54,23,49,24,23
2024-11-21,00:57:23,23,49,24,22
2024-11-21,00:57:52,23,49,23,23
2024-11-21,00:58:22,23,49,22,21
2024-11-21,00:58:51,23,49,24,23
2024-11-21,00:59:20,23,49,21,20
2024-11-21,00:59:49,23,49,24,24
2024-11-21,01:00:19,23,49,24,23
2024-11-21,01:00:48,23,49,24,22
2024-11-21,01:01:17,23,49,26,24
2024-11-21,01:01:46,23,49,23,23
2024-11-21,01:02:16,23,49,22,20
2024-11-21,01:02:45,23,49,23,23
2024-11-21,01:03:14,23,49,24,22
2024-11-21,01:03:43,23,49,26,25
2024-11-21,01:04:13,23,49,25,24
2024-11-21,01:04:42,23,49,23,23
2024-11-21,01:05:11,23,49,21,21
2024-11-21,01:05:40,23,49,21,21
2024-11-21,01:06:10,23,49,20,20
2024-11-21,01:06:39,23,49,23,22
2024-11-21,01:07:08,23,49,20,20
2024-11-21,01:07:38,23,49,24,21
2024-11-21,01:08:07,23,49,23,23
2024-11-21,01:08:36,23,49,28,28
2024-11-21,01:09:05,23,49,22,19
2024-11-21,01:09:35,23,49,22,21
2024-11-21,01:10:04,23,49,22,22
2024-11-21,01:10:33,23,49,19,19
2024-11-21,01:11:02,23,49,24,23
2024-11-21,01:11:32,23,49,23,23
2024-11-21,01:12:01,23,49,23,22
2024-11-21,01:12:30,23,49,25,24
2024-11-21,01:12:59,23,49,22,19
2024-11-21,01:13:29,23,49,20,20
2024-11-21,01:13:58,23,49,23,22
2024-11-21,01:14:27,23,49,26,24
2024-11-21,01:14:56,23,49,24,24
2024-11-21,01:15:26,23,49,19,19
2024-11-21,01:15:55,23,49,26,24
2024-11-21,01:16:24,23,49,21,20
2024-11-21,01:16:53,23,49,23,23
2024-11-21,01:17:23,23,49,20,20
2024-11-21,01:17:52,23,49,23,23
2024-11-21,01:18:21,23,49,23,23
2024-11-21,01:18:50,23,49,20,20
2024-11-21,01:19:20,23,49,22,22
2024-11-21,01:19:49,23,49,20,18
2024-11-21,01:20:18,23,49,22,22
2024-11-21,01:20:47,23,49,21,19
2024-11-21,01:21:17,23,49,22,21
2024-11-21,01:21:46,23,49,21,21
2024-11-21,01:22:15,23,49,25,25
2024-11-21,01:22:44,23,49,23,23
2024-11-21,01:23:14,23,49,22,21
2024-11-21,01:23:43,23,49,20,19
2024-11-21,01:24:12,23,49,23,23
2024-11-21,01:24:41,23,49,19,19
2024-11-21,01:25:11,23,49,25,23
2024-11-21,01:25:40,23,49,19,19
2024-11-21,01:26:09,23,49,23,22
2024-11-21,01:26:39,23,49,23,23
2024-11-21,01:27:08,23,49,21,21
2024-11-21,01:27:37,23,49,20,20
2024-11-21,01:28:06,23,48,19,19
2024-11-21,01:28:36,23,48,21,21
2024-11-21,01:29:05,23,48,21,21
2024-11-21,01:29:34,23,48,21,21
2024-11-21,01:30:03,23,48,22,22
2024-11-21,01:30:33,23,48,23,22
2024-11-21,01:31:02,23,48,20,18
2024-11-21,01:31:31,23,48,23,22
2024-11-21,01:32:00,23,48,25,24
2024-11-21,01:32:30,23,49,20,20
2024-11-21,01:32:59,23,49,23,23
2024-11-21,01:33:28,23,49,24,22
2024-11-21,01:33:57,23,49,25,20
2024-11-21,01:34:27,23,49,22,22
2024-11-21,01:34:56,23,49,24,23
2024-11-21,01:35:25,23,49,23,23
2024-11-21,01:35:54,23,49,24,23
2024-11-21,01:36:24,23,49,22,21
2024-11-21,01:36:53,23,49,28,28
2024-11-21,01:37:22,23,49,28,25
2024-11-21,01:37:51,23,49,27,26
2024-11-21,01:38:21,23,49,27,24
2024-11-21,01:38:50,23,49,26,25
2024-11-21,01:39:19,23,49,29,29
2024-11-21,01:39:48,23,49,25,24
2024-11-21,01:40:18,23,49,26,25
2024-11-21,01:40:47,23,49,24,21
2024-11-21,01:41:16,23,49,27,26
2024-11-21,01:41:45,23,49,28,27
2024-11-21,01:42:15,23,49,27,26
2024-11-21,01:42:44,23,49,24,24
2024-11-21,01:43:13,23,49,25,23
2024-11-21,01:43:42,23,49,29,28
2024-11-21,01:44:12,23,49,26,24
2024-11-21,01:44:41,23,49,25,24
2024-11-21,01:45:10,23,49,24,24
2024-11-21,01:45:39,23,49,25,23
2024-11-21,01:46:09,23,49,22,21
2024-11-21,01:46:38,23,49,25,25
2024-11-21,01:47:07,23,49,21,21
2024-11-21,01:47:37,23,49,21,20
2024-11-21,01:48:06,23,49,28,27
2024-11-21,01:48:35,23,49,22,22
2024-11-21,01:49:04,23,49,23,23
2024-11-21,01:49:34,23,49,26,23
2024-11-21,01:50:03,23,49,25,24
2024-11-21,01:50:32,23,49,25,25
2024-11-21,01:51:01,23,49,27,26
2024-11-21,01:51:31,23,49,20,20
2024-11-21,01:52:00,23,49,24,23
2024-11-21,01:52:29,23,49,18,18
2024-11-21,01:52:58,23,49,25,25
2024-11-21,01:53:28,23,49,20,20
2024-11-21,01:53:57,23,49,19,19
2024-11-21,01:54:26,23,49,22,21
2024-11-21,01:54:55,23,49,27,26
2024-11-21,01:55:25,23,49,22,21
2024-11-21,01:55:54,23,49,23,20
2024-11-21,01:56:23,23,49,26,25
2024-11-21,01:56:52,23,49,22,22
2024-11-21,01:57:22,23,49,24,22
2024-11-21,01:57:51,23,49,23,23
2024-11-21,01:58:20,23,49,25,25
2024-11-21,01:58:49,23,49,23,23
2024-11-21,01:59:19,23,49,25,25
2024-11-21,01:59:48,23,49,22,22
2024-11-21,02:00:17,23,49,24,22
2024-11-21,02:00:46,23,49,22,22
2024-11-21,02:01:16,23,49,22,21
2024-11-21,02:01:45,23,49,20,20
2024-11-21,02:02:14,23,49,21,21
2024-11-21,02:02:43,23,49,25,24
2024-11-21,02:03:13,23,49,24,24
2024-11-21,02:03:42,23,49,28,27
2024-11-21,02:04:11,23,49,23,23
2024-11-21,02:04:40,23,49,24,23
2024-11-21,02:05:10,23,49,27,23
2024-11-21,02:05:39,23,49,23,23
2024-11-21,02:06:08,23,49,24,22
2024-11-21,02:06:38,23,49,26,24
2024-11-21,02:07:07,23,49,23,23
2024-11-21,02:07:36,23,49,27,26
2024-11-21,02:08:05,23,49,26,26
2024-11-21,02:08:35,23,49,20,20
2024-11-21,02:09:04,23,49,23,21
2024-11-21,02:09:33,23,49,23,23
2024-11-21,02:10:02,23,49,21,21
2024-11-21,02:10:32,23,49,21,21
2024-11-21,02:11:01,23,49,24,23
2024-11-21,02:11:30,23,49,24,24
2024-11-21,02:11:59,23,49,24,23
2024-11-21,02:12:29,23,49,24,24
2024-11-21,02:12:58,23,49,23,22
2024-11-21,02:13:27,23,49,27,24
2024-11-21,02:13:56,23,49,27,23
2024-11-21,02:14:26,23,49,24,24
2024-11-21,02:14:55,23,49,21,21
2024-11-21,02:15:24,23,49,22,22
2024-11-21,02:15:53,23,49,23,23
2024-11-21,02:16:23,23,49,23,23
2024-11-21,02:16:52,23,49,24,24
2024-11-21,02:17:21,23,49,26,25
2024-11-21,02:17:50,23,49,22,22
2024-11-21,02:18:20,23,49,27,24
2024-11-21,02:18:49,23,49,23,22
2024-11-21,02:19:18,23,49,22,22
2024-11-21,02:19:47,23,49,21,20
2024-11-21,02:20:17,23,49,22,21
2024-11-21,02:20:46,23,49,20,20
2024-11-21,02:21:15,23,49,25,23
2024-11-21,02:21:44,23,49,25,24
2024-11-21,02:22:14,23,49,22,22
2024-11-21,02:22:43,23,49,21,19
2024-11-21,02:23:12,23,49,21,21
2024-11-21,02:23:42,23,49,22,21
2024-11-21,02:24:11,23,49,21,21
2024-11-21,02:24:40,23,49,21,21
2024-11-21,02:25:09,23,49,22,22
2024-11-21,02:25:39,23,49,24,22
2024-11-21,02:26:08,23,49,20,19
2024-11-21,02:26:37,23,49,22,21
2024-11-21,02:27:06,23,49,23,23
2024-11-21,02:27:36,23,49,23,21
2024-11-21,02:28:05,23,49,21,21
2024-11-21,02:28:34,23,49,19,19
2024-11-21,02:29:03,23,49,21,20
2024-11-21,02:29:33,23,49,23,23
2024-11-21,02:30:02,23,49,23,21
2024-11-21,02:30:31,23,49,22,22
2024-11-21,02:31:00,23,49,24,24
2024-11-21,02:31:30,23,49,21,21
2024-11-21,02:31:59,23,49,21,20
2024-11-21,02:32:28,23,49,22,22
2024-11-21,02:32:57,23,49,23,22
2024-11-21,02:33:27,23,49,21,21
2024-11-21,02:33:56,23,49,22,21
2024-11-21,02:34:25,23,49,25,24
2024-11-21,02:34:54,23,49,23,22
2024-11-21,02:35:24,23,49,22,22
2024-11-21,02:35:53,23,49,19,19
2024-11-21,02:36:22,23,49,20,20
2024-11-21,02:36:51,23,49,23,22
2024-11-21,02:37:21,23,49,18,18
2024-11-21,02:37:50,23,49,24,24
2024-11-21,02:38:19,23,49,20,20
2024-11-21,02:38:48,23,49,22,22
2024-11-21,02:39:18,23,49,21,21
2024-11-21,02:39:47,23,49,23,23
2024-11-21,02:40:16,23,49,25,24
2024-11-21,02:40:45,23,49,22,20
2024-11-21,02:41:15,23,49,24,21
2024-11-21,02:41:44,23,49,23,23
2024-11-21,02:42:13,23,49,26,25
2024-11-21,02:42:43,23,49,18,18
2024-11-21,02:43:12,23,49,23,21
2024-11-21,02:43:41,23,49,21,21
2024-11-21,02:44:10,23,49,20,20
2024-11-21,02:44:40,23,49,20,20
2024-11-21,02:45:09,23,49,23,22
2024-11-21,02:45:38,23,49,21,21
2024-11-21,02:46:07,23,49,24,23
2024-11-21,02:46:37,23,49,21,20
2024-11-21,02:47:06,23,49,19,18
2024-11-21,02:47:35,23,49,18,18
2024-11-21,02:48:04,23,49,23,20
2024-11-21,02:48:34,23,49,24,22
2024-11-21,02:49:03,23,49,20,20
2024-11-21,02:49:32,23,49,21,20
2024-11-21,02:50:01,23,49,20,19
2024-11-21,02:50:31,23,49,19,19
2024-11-21,02:51:00,23,49,21,21
2024-11-21,02:51:29,23,49,18,18
2024-11-21,02:51:58,23,49,23,20
2024-11-21,02:52:28,23,49,22,21
2024-11-21,02:52:57,23,49,22,22
2024-11-21,02:53:26,23,49,20,20
2024-11-21,02:53:55,23,49,21,21
2024-11-21,02:54:25,23,49,20,20
2024-11-21,02:54:54,23,49,23,23
2024-11-21,02:55:23,23,49,22,20
2024-11-21,02:55:52,23,49,24,24
2024-11-21,02:56:22,23,49,24,23
2024-11-21,02:56:51,23,49,22,19
2024-11-21,02:57:20,23,49,20,20
2024-11-21,02:57:49,23,49,22,21
2024-11-21,02:58:19,23,49,18,18
2024-11-21,02:58:48,23,49,25,25
2024-11-21,02:59:17,23,49,23,22
2024-11-21,02:59:46,23,49,20,20
2024-11-21,03:00:16,23,49,24,22
2024-11-21,03:00:45,23,49,20,19
2024-11-21,03:01:14,23,49,23,23
2024-11-21,03:01:44,23,49,25,24
2024-11-21,03:02:13,23,49,20,19
2024-11-21,03:02:42,23,49,24,24
2024-11-21,03:03:11,23,49,19,18
2024-11-21,03:03:41,23,49,25,24
2024-11-21,03:04:10,23,49,25,25
2024-11-21,03:04:39,23,49,21,21
2024-11-21,03:05:08,23,49,21,18
2024-11-21,03:05:38,23,49,21,19
2024-11-21,03:06:07,23,49,23,22
2024-11-21,03:06:36,23,49,23,23
2024-11-21,03:07:05,23,49,24,23
2024-11-21,03:07:35,23,49,20,20
2024-11-21,03:08:04,23,49,20,20
2024-11-21,03:08:33,23,49,20,20
2024-11-21,03:09:02,23,49,26,24
2024-11-21,03:09:32,23,49,21,19
2024-11-21,03:10:01,23,49,23,22
2024-11-21,03:10:30,23,49,20,20
2024-11-21,03:10:59,23,49,23,23
2024-11-21,03:11:29,23,49,23,21
2024-11-21,03:11:58,23,49,21,21
2024-11-21,03:12:27,23,49,20,20
2024-11-21,03:12:56,23,49,23,22
2024-11-21,03:13:26,23,49,25,24
2024-11-21,03:13:55,23,49,23,22
2024-11-21,03:14:24,23,49,22,22
2024-11-21,03:14:53,23,49,26,24
2024-11-21,03:15:23,23,49,20,19
2024-11-21,03:15:52,23,49,23,22
2024-11-21,03:16:21,23,49,20,18
2024-11-21,03:16:50,23,49,21,20
2024-11-21,03:17:20,23,49,26,24
2024-11-21,03:17:49,23,49,22,21
2024-11-21,03:18:18,23,49,23,22
2024-11-21,03:18:47,23,49,24,23
2024-11-21,03:19:17,23,49,24,22
2024-11-21,03:19:46,23,49,23,23
2024-11-21,03:20:15,23,49,21,21
2024-11-21,03:20:45,23,49,21,21
2024-11-21,03:21:14,23,49,20,20
2024-11-21,03:21:43,23,49,24,22
2024-11-21,03:22:12,23,49,20,19
2024-11-21,03:22:42,23,49,20,20
2024-11-21,03:23:11,23,49,21,21
2024-11-21,03:23:40,23,49,23,22
2024-11-21,03:24:09,23,49,20,20
2024-11-21,03:24:39,23,49,21,19
2024-11-21,03:25:08,23,49,23,22
2024-11-21,03:25:37,23,49,26,25
2024-11-21,03:26:06,23,49,21,20
2024-11-21,03:26:36,23,49,23,21
2024-11-21,03:27:05,23,49,22,22
2024-11-21,03:27:34,23,49,23,23
2024-11-21,03:28:03,23,49,19,19
2024-11-21,03:28:33,23,49,20,20
2024-11-21,03:29:02,23,49,22,22
2024-11-21,03:29:31,23,49,19,16
2024-11-21,03:30:00,23,49,27,25
2024-11-21,03:30:30,23,49,19,19
2024-11-21,03:30:59,23,49,19,19
2024-11-21,03:31:28,23,49,24,23
2024-11-21,03:31:57,23,49,21,20
2024-11-21,03:32:27,23,49,20,20
2024-11-21,03:32:56,23,49,20,17
2024-11-21,03:33:25,23,49,21,20
2024-11-21,03:33:54,23,49,23,23
2024-11-21,03:34:24,23,49,22,20
2024-11-21,03:34:53,23,49,23,20
2024-11-21,03:35:22,23,49,22,21
2024-11-21,03:35:51,23,49,21,19
2024-11-21,03:36:21,23,49,20,20
2024-11-21,03:36:50,23,49,19,18
2024-11-21,03:37:19,23,49,19,18
2024-11-21,03:37:48,23,49,23,22
2024-11-21,03:38:18,23,49,22,22
2024-11-21,03:38:47,23,49,21,21
2024-11-21,03:39:16,23,49,22,22
2024-11-21,03:39:46,23,49,22,22
2024-11-21,03:40:15,23,49,22,20
2024-11-21,03:40:44,23,49,21,21
2024-11-21,03:41:13,23,49,19,19
2024-11-21,03:41:43,23,49,25,22
2024-11-21,03:42:12,23,49,25,24
2024-11-21,03:42:41,23,49,20,19
2024-11-21,03:43:10,23,49,26,25
2024-11-21,03:43:40,23,49,22,22
2024-11-21,03:44:09,23,49,23,21
2024-11-21,03:44:38,23,49,21,21
2024-11-21,03:45:07,23,49,19,19
2024-11-21,03:45:37,23,49,23,21
2024-11-21,03:46:06,23,49,21,21
2024-11-21,03:46:35,23,49,21,19
2024-11-21,03:47:04,23,49,25,25
2024-11-21,03:47:34,23,49,19,19
2024-11-21,03:48:03,23,49,22,22
2024-11-21,03:48:32,23,49,18,18
2024-11-21,03:49:01,23,49,21,21
2024-11-21,03:49:31,23,49,22,22
2024-11-21,03:50:00,23,49,22,22
2024-11-21,03:50:29,23,49,25,22
2024-11-21,03:50:58,23,49,16,16
2024-11-21,03:51:28,23,49,20,20
2024-11-21,03:51:57,23,49,19,19
2024-11-21,03:52:26,23,49,23,23
2024-11-21,03:52:55,23,49,22,21
2024-11-21,03:53:25,23,49,19,19
2024-11-21,03:53:54,23,49,26,24
2024-11-21,03:54:23,23,49,22,22
2024-11-21,03:54:52,23,49,25,23
2024-11-21,03:55:22,23,49,23,22
2024-11-21,03:55:51,23,49,24,24
2024-11-21,03:56:20,23,49,21,20
2024-11-21,03:56:50,23,49,23,22
2024-11-21,03:57:19,23,49,19,19
2024-11-21,03:57:48,23,49,25,24
2024-11-21,03:58:17,23,49,20,20
2024-11-21,03:58:47,23,49,23,22
2024-11-21,03:59:16,23,49,22,21
2024-11-21,03:59:45,23,49,22,20
2024-11-21,04:00:14,23,49,20,19
2024-11-21,04:00:44,23,49,21,21
2024-11-21,04:01:13,23,49,23,22
2024-11-21,04:01:42,23,49,22,21
2024-11-21,04:02:11,23,49,22,21
2024-11-21,04:02:41,23,49,21,20
2024-11-21,04:03:10,23,49,24,22
2024-11-21,04:03:39,23,49,22,21
2024-11-21,04:04:08,23,49,16,16
2024-11-21,04:04:38,23,49,21,20
2024-11-21,04:05:07,23,49,18,18
2024-11-21,04:05:36,23,49,22,21
2024-11-21,04:06:05,23,49,22,20
2024-11-21,04:06:35,23,49,21,20
2024-11-21,04:07:04,23,49,19,19
2024-11-21,04:07:33,23,49,23,22
2024-11-21,04:08:02,23,49,22,22
2024-11-21,04:08:32,23,49,21,20
2024-11-21,04:09:01,23,49,21,20
2024-11-21,04:09:30,23,49,24,20
2024-11-21,04:09:59,23,49,19,18
2024-11-21,04:10:29,23,49,21,20
2024-11-21,04:10:58,23,49,16,16
2024-11-21,04:11:27,23,49,23,21
2024-11-21,04:11:56,23,49,22,20
2024-11-21,04:12:26,23,49,20,20
2024-11-21,04:12:55,23,49,22,22
2024-11-21,04:13:24,23,49,20,20
2024-11-21,04:13:53,23,49,21,20
2024-11-21,04:14:23,23,49,24,23
2024-11-21,04:14:52,23,49,24,21
2024-11-21,04:15:21,23,49,22,21
2024-11-21,04:15:51,23,49,22,22
2024-11-21,04:16:20,23,49,22,21
2024-11-21,04:16:49,23,49,20,20
2024-11-21,04:17:18,23,49,23,21
2024-11-21,04:17:48,23,49,20,20
2024-11-21,04:18:17,23,49,23,21
2024-11-21,04:18:46,23,49,21,20
2024-11-21,04:19:15,23,49,24,22
2024-11-21,04:19:45,23,49,18,18
2024-11-21,04:20:14,23,49,25,24
2024-11-21,04:20:43,23,49,21,21
2024-11-21,04:21:12,23,49,27,22
2024-11-21,04:21:42,23,49,20,20
2024-11-21,04:22:11,23,49,20,20
2024-11-21,04:22:40,23,49,25,25
2024-11-21,04:23:09,23,49,21,21
2024-11-21,04:23:39,23,49,18,18
2024-11-21,04:24:08,23,49,21,21
2024-11-21,04:24:37,23,49,24,21
2024-11-21,04:25:06,23,49,18,18
2024-11-21,04:25:36,23,49,20,20
2024-11-21,04:26:05,23,49,22,22
2024-11-21,04:26:34,23,49,22,21
2024-11-21,04:27:03,23,49,19,19
2024-11-21,04:27:33,23,49,19,18
2024-11-21,04:28:02,23,49,20,19
2024-11-21,04:28:31,23,49,23,21
2024-11-21,04:29:00,23,49,18,18
2024-11-21,04:29:30,23,49,21,21
2024-11-21,04:29:59,23,49,24,24
2024-11-21,04:30:28,23,49,26,25
2024-11-21,04:30:57,23,49,21,21
2024-11-21,04:31:27,23,49,21,21
2024-11-21,04:31:56,23,49,20,20
2024-11-21,04:32:25,23,49,18,17
2024-11-21,04:32:54,23,49,19,18
2024-11-21,04:33:24,23,49,24,23
2024-11-21,04:33:53,23,49,22,21
2024-11-21,04:34:22,23,49,24,22
2024-11-21,04:34:51,23,49,24,24
2024-11-21,04:35:21,23,49,23,22
2024-11-21,04:35:50,23,49,20,20
2024-11-21,04:36:19,23,49,23,22
2024-11-21,04:36:49,23,49,24,21
2024-11-21,04:37:18,23,49,22,20
2024-11-21,04:37:47,23,49,22,21
2024-11-21,04:38:16,23,49,20,20
2024-11-21,04:38:46,23,49,21,19
2024-11-21,04:39:15,23,49,20,19
2024-11-21,04:39:44,23,49,23,23
2024-11-21,04:40:13,23,49,20,19
2024-11-21,04:40:43,23,49,19,17
2024-11-21,04:41:12,23,49,20,19
2024-11-21,04:41:41,23,49,29,28
2024-11-21,04:42:10,23,49,19,19
2024-11-21,04:42:40,23,49,22,21
2024-11-21,04:43:09,23,49,27,23
2024-11-21,04:43:38,23,49,22,19
2024-11-21,04:44:07,23,49,21,21
2024-11-21,04:44:37,23,49,22,22
2024-11-21,04:45:06,23,49,23,23
2024-11-21,04:45:35,23,49,22,22
2024-11-21,04:46:04,23,49,18,17
2024-11-21,04:46:34,23,49,24,21
2024-11-21,04:47:03,23,49,21,19
2024-11-21,04:47:32,23,49,19,19
2024-11-21,04:48:01,23,49,23,23
2024-11-21,04:48:31,23,49,20,20
2024-11-21,04:49:00,23,49,24,22
2024-11-21,04:49:29,23,49,23,21
2024-11-21,04:49:58,23,49,19,18
2024-11-21,04:50:28,23,49,23,21
2024-11-21,04:50:57,23,49,28,26
2024-11-21,04:51:26,23,49,20,18
2024-11-21,04:51:55,23,49,23,23
2024-11-21,04:52:25,23,49,20,20
2024-11-21,04:52:54,23,49,17,16
2024-11-21,04:53:23,23,49,21,20
2024-11-21,04:53:53,23,49,18,18
2024-11-21,04:54:22,23,49,27,26
2024-11-21,04:54:51,23,49,23,23
2024-11-21,04:55:20,23,49,27,25
2024-11-21,04:55:50,23,49,24,23
2024-11-21,04:56:19,23,49,19,19
2024-11-21,04:56:48,23,49,24,24
2024-11-21,04:57:17,23,49,18,18
2024-11-21,04:57:47,23,49,22,22
2024-11-21,04:58:16,23,49,25,24
2024-11-21,04:58:45,23,49,24,22
2024-11-21,04:59:14,23,49,22,22
2024-11-21,04:59:44,23,49,24,24
2024-11-21,05:00:13,23,49,20,19
2024-11-21,05:00:42,23,49,23,22
2024-11-21,05:01:11,23,49,25,25
2024-11-21,05:01:41,23,49,21,20
2024-11-21,05:02:10,23,49,27,25
2024-11-21,05:02:39,23,49,22,22
2024-11-21,05:03:08,23,49,21,20
2024-11-21,05:03:38,23,49,24,23
2024-11-21,05:04:07,23,49,26,25
2024-11-21,05:04:36,23,49,22,22
2024-11-21,05:05:05,23,49,22,20
2024-11-21,05:05:35,23,49,23,23
2024-11-21,05:06:04,23,49,21,21
2024-11-21,05:06:33,23,49,23,23
2024-11-21,05:07:02,23,49,21,20
2024-11-21,05:07:32,23,49,22,19
2024-11-21,05:08:01,23,49,24,22
2024-11-21,05:08:30,23,49,21,21
2024-11-21,05:08:59,23,49,26,22
2024-11-21,05:09:29,23,49,20,20
2024-11-21,05:09:58,23,49,27,21
2024-11-21,05:10:27,23,49,24,24
2024-11-21,05:10:56,23,49,27,25
2024-11-21,05:11:26,23,49,21,21
2024-11-21,05:11:55,23,49,24,23
2024-11-21,05:12:24,23,49,25,21
2024-11-21,05:12:54,23,49,23,20
2024-11-21,05:13:23,23,49,20,18
2024-11-21,05:13:52,23,49,22,22
2024-11-21,05:14:21,23,49,20,20
2024-11-21,05:14:51,23,49,21,21
2024-11-21,05:15:20,23,49,21,21
2024-11-21,05:15:49,23,49,23,22
2024-11-21,05:16:18,23,49,24,22
2024-11-21,05:16:48,23,49,22,21
2024-11-21,05:17:17,23,49,25,23
2024-11-21,05:17:46,23,49,19,17
2024-11-21,05:18:15,23,49,25,23
2024-11-21,05:18:45,23,49,18,18
2024-11-21,05:19:14,23,49,18,18
2024-11-21,05:19:43,23,49,18,18
2024-11-21,05:20:12,23,49,19,18
2024-11-21,05:20:42,23,49,23,19
2024-11-21,05:21:11,23,49,24,22
2024-11-21,05:21:40,23,49,21,20
2024-11-21,05:22:09,23,49,22,21
2024-11-21,05:22:39,23,49,22,21
2024-11-21,05:23:08,23,49,22,22
2024-11-21,05:23:37,23,49,24,22
2024-11-21,05:24:06,23,49,24,22
2024-11-21,05:24:36,23,49,21,21
2024-11-21,05:25:05,23,49,24,23
2024-11-21,05:25:34,23,49,20,20
2024-11-21,05:26:03,23,49,23,23
2024-11-21,05:26:33,23,49,24,23
2024-11-21,05:27:02,23,49,24,22
2024-11-21,05:27:31,23,49,25,23
2024-11-21,05:28:00,23,49,21,20
2024-11-21,05:28:30,23,49,20,20
2024-11-21,05:28:59,23,49,20,19
2024-11-21,05:29:28,23,49,19,19
2024-11-21,05:29:58,23,49,25,24
2024-11-21,05:30:27,23,49,19,19
2024-11-21,05:30:56,23,49,21,21
2024-11-21,05:31:25,23,49,21,20
2024-11-21,05:31:55,23,49,23,22
2024-11-21,05:32:24,23,49,23,19
2024-11-21,05:32:53,23,49,19,18
2024-11-21,05:33:22,23,49,19,19
2024-11-21,05:33:52,23,49,22,20
2024-11-21,05:34:21,23,49,26,23
2024-11-21,05:34:50,23,49,22,21
2024-11-21,05:35:19,23,49,21,20
2024-11-21,05:35:49,23,49,22,22
2024-11-21,05:36:18,23,49,23,22
2024-11-21,05:36:47,23,49,23,23
2024-11-21,05:37:16,23,49,27,24
2024-11-21,05:37:46,23,49,20,19
2024-11-21,05:38:15,23,49,22,19
2024-11-21,05:38:44,23,49,20,20
2024-11-21,05:39:13,23,49,21,21
2024-11-21,05:39:43,23,49,25,24
2024-11-21,05:40:12,23,49,23,22
2024-11-21,05:40:41,23,49,22,21
2024-11-21,05:41:10,23,49,19,19
2024-11-21,05:41:40,23,49,25,23
2024-11-21,05:42:09,23,49,19,18
2024-11-21,05:42:38,23,49,19,19
2024-11-21,05:43:07,23,49,21,21
2024-11-21,05:43:37,23,49,21,21
2024-11-21,05:44:06,23,49,24,23
2024-11-21,05:44:35,23,49,19,18
2024-11-21,05:45:04,23,49,25,24
2024-11-21,05:45:34,23,49,19,17
2024-11-21,05:46:03,23,49,23,23
2024-11-21,05:46:32,23,49,27,25
2024-11-21,05:47:01,23,49,23,22
2024-11-21,05:47:31,23,49,25,25
2024-11-21,05:48:00,23,49,24,24
2024-11-21,05:48:29,23,49,25,23
2024-11-21,05:48:59,23,49,20,20
2024-11-21,05:49:28,23,49,20,20
2024-11-21,05:49:57,23,49,21,21
2024-11-21,05:50:26,23,49,22,22
2024-11-21,05:50:56,23,49,21,21
2024-11-21,05:51:25,23,49,25,22
2024-11-21,05:51:54,23,49,22,22
2024-11-21,05:52:23,23,49,26,23
2024-11-21,05:52:53,23,49,26,23
2024-11-21,05:53:22,23,49,22,20
2024-11-21,05:53:51,23,49,23,22
2024-11-21,05:54:20,23,49,21,20
2024-11-21,05:54:50,23,49,24,22
2024-11-21,05:55:19,23,49,20,19
2024-11-21,05:55:48,23,49,24,24
2024-11-21,05:56:17,23,49,22,22
2024-11-21,05:56:47,23,49,22,22
2024-11-21,05:57:16,23,49,22,22
2024-11-21,05:57:45,23,49,24,23
2024-11-21,05:58:14,23,49,23,23
2024-11-21,05:58:44,23,49,23,23
2024-11-21,05:59:13,23,49,24,21
2024-11-21,05:59:42,23,49,24,23
2024-11-21,06:00:11,23,49,19,19
2024-11-21,06:00:41,23,49,19,19
2024-11-21,06:01:10,23,49,26,24
2024-11-21,06:01:39,23,49,21,20
2024-11-21,06:02:08,23,49,26,24
2024-11-21,06:02:38,23,49,23,23
2024-11-21,06:03:07,23,49,26,26
2024-11-21,06:03:36,23,49,20,20
2024-11-21,06:04:05,23,49,25,25
2024-11-21,06:04:35,23,49,25,24
2024-11-21,06:05:04,23,49,25,25
2024-11-21,06:05:33,23,49,22,22
2024-11-21,06:06:03,23,49,23,23
2024-11-21,06:06:32,23,49,22,22
2024-11-21,06:07:01,23,49,22,20
2024-11-21,06:07:30,23,49,24,24
2024-11-21,06:08:00,23,49,23,23
2024-11-21,06:08:29,23,49,26,23
2024-11-21,06:08:58,23,49,23,21
2024-11-21,06:09:27,23,49,22,22
2024-11-21,06:09:57,23,49,23,23
2024-11-21,06:10:26,23,49,28,27
2024-11-21,06:10:55,23,49,22,21
2024-11-21,06:11:24,23,49,23,22
2024-11-21,06:11:54,23,49,24,22
2024-11-21,06:12:23,23,49,25,24
2024-11-21,06:12:52,23,49,24,24
2024-11-21,06:13:21,23,49,23,23
2024-11-21,06:13:51,23,49,24,22
2024-11-21,06:14:20,23,49,22,21
2024-11-21,06:14:49,23,49,22,21
2024-11-21,06:15:18,23,49,22,21
2024-11-21,06:15:48,23,49,21,21
2024-11-21,06:16:17,23,49,22,20
2024-11-21,06:16:46,23,49,21,21
2024-11-21,06:17:15,23,49,24,24
2024-11-21,06:17:45,23,49,24,22
2024-11-21,06:18:14,23,49,23,23
2024-11-21,06:18:43,23,49,21,21
2024-11-21,06:19:12,23,49,24,21
2024-11-21,06:19:42,23,49,21,21
2024-11-21,06:20:11,23,49,21,20
2024-11-21,06:20:40,23,49,19,19
2024-11-21,06:21:09,23,49,22,22
2024-11-21,06:21:39,23,49,23,23
2024-11-21,06:22:08,23,49,25,25
2024-11-21,06:22:37,23,49,22,22
2024-11-21,06:23:06,23,49,23,23
2024-11-21,06:23:36,23,49,25,23
2024-11-21,06:24:05,23,49,23,23
2024-11-21,06:24:34,23,49,23,23
2024-11-21,06:25:04,23,49,26,25
2024-11-21,06:25:33,23,49,22,21
2024-11-21,06:26:02,23,49,19,19
2024-11-21,06:26:31,23,49,22,22
2024-11-21,06:27:01,23,49,24,24
2024-11-21,06:27:30,23,49,22,22
2024-11-21,06:27:59,23,49,21,21
2024-11-21,06:28:28,23,49,23,22
2024-11-21,06:28:58,23,49,24,23
2024-11-21,06:29:27,23,49,22,22
2024-11-21,06:29:56,23,49,24,24
2024-11-21,06:30:25,23,49,24,23
2024-11-21,06:30:55,23,49,24,24
2024-11-21,06:31:24,23,49,26,24
2024-11-21,06:31:53,23,49,22,22
2024-11-21,06:32:22,23,49,26,25
2024-11-21,06:32:52,23,49,24,24
2024-11-21,06:33:21,23,49,24,22
2024-11-21,06:33:50,23,49,24,23
2024-11-21,06:34:19,23,49,21,21
2024-11-21,06:34:49,23,49,22,22
2024-11-21,06:35:18,23,49,22,22
2024-11-21,06:35:47,23,49,24,23
2024-11-21,06:36:16,23,49,24,24
2024-11-21,06:36:46,23,49,25,23
2024-11-21,06:37:15,23,49,20,20
2024-11-21,06:37:44,23,49,24,23
2024-11-21,06:38:13,23,49,20,20
2024-11-21,06:38:43,23,49,22,22
2024-11-21,06:39:12,23,49,20,20
2024-11-21,06:39:41,23,49,23,22
2024-11-21,06:40:10,23,49,23,22
2024-11-21,06:40:40,23,49,25,24
2024-11-21,06:41:09,23,49,23,23
2024-11-21,06:41:38,23,49,23,23
2024-11-21,06:42:07,23,49,29,26
2024-11-21,06:42:37,23,49,22,22
2024-11-21,06:43:06,23,49,21,21
2024-11-21,06:43:35,23,49,26,26
2024-11-21,06:44:05,23,49,20,19
2024-11-21,06:44:34,23,49,22,21
2024-11-21,06:45:03,23,49,23,22
2024-11-21,06:45:32,23,49,24,23
2024-11-21,06:46:02,23,49,23,23
2024-11-21,06:46:31,23,49,22,20
2024-11-21,06:47:00,23,49,25,25
2024-11-21,06:47:29,23,49,24,22
2024-11-21,06:47:59,23,49,23,23
2024-11-21,06:48:28,23,49,25,25
2024-11-21,06:48:57,23,49,22,19
2024-11-21,06:49:26,23,49,24,24
2024-11-21,06:49:56,23,49,25,23
2024-11-21,06:50:25,23,49,22,21
2024-11-21,06:50:54,23,49,24,24
2024-11-21,06:51:23,23,49,23,22
2024-11-21,06:51:53,23,49,22,22
2024-11-21,06:52:22,23,49,24,22
2024-11-21,06:52:51,23,49,23,23
2024-11-21,06:53:20,23,49,24,22
2024-11-21,06:53:50,23,49,23,23
2024-11-21,06:54:19,23,49,23,20
2024-11-21,06:54:48,23,49,23,22
2024-11-21,06:55:17,23,49,21,21
2024-11-21,06:55:47,23,49,21,21
2024-11-21,06:56:16,23,49,25,23
2024-11-21,06:56:45,23,49,23,23
2024-11-21,06:57:14,23,49,23,20
2024-11-21,06:57:44,23,49,21,20
2024-11-21,06:58:13,23,49,21,21
2024-11-21,06:58:42,23,49,25,25
2024-11-21,06:59:11,23,49,21,21
2024-11-21,06:59:41,23,49,25,25
2024-11-21,07:00:10,23,49,22,21
2024-11-21,07:00:39,23,49,26,25
2024-11-21,07:01:08,23,49,25,24
2024-11-21,07:01:38,23,49,25,23
2024-11-21,07:02:07,23,49,23,23
2024-11-21,07:02:36,23,49,22,22
2024-11-21,07:03:06,23,49,18,18
2024-11-21,07:03:35,23,49,23,23
2024-11-21,07:04:04,23,49,21,21
2024-11-21,07:04:33,23,49,22,21
2024-11-21,07:05:03,23,49,25,22
2024-11-21,07:05:32,23,49,23,23
2024-11-21,07:06:01,23,49,26,23
2024-11-21,07:06:30,23,49,25,24
2024-11-21,07:07:00,23,49,24,24
2024-11-21,07:07:29,23,49,26,24
2024-11-21,07:07:58,23,49,26,26
2024-11-21,07:08:27,23,49,23,23
2024-11-21,07:08:57,23,49,25,24
2024-11-21,07:09:26,23,49,23,23
2024-11-21,07:09:55,23,49,23,22
2024-11-21,07:10:24,23,49,24,24
2024-11-21,07:10:54,23,49,22,22
2024-11-21,07:11:23,23,49,23,21
2024-11-21,07:11:52,23,49,21,20
2024-11-21,07:12:21,23,49,25,23
2024-11-21,07:12:51,23,49,20,20
2024-11-21,07:13:20,23,49,26,25
2024-11-21,07:13:49,23,49,23,23
2024-11-21,07:14:18,23,49,25,25
2024-11-21,07:14:48,23,49,22,22
2024-11-21,07:15:17,23,49,19,19
2024-11-21,07:15:46,23,49,24,23
2024-11-21,07:16:15,23,49,21,21
2024-11-21,07:16:45,23,49,19,19
2024-11-21,07:17:14,23,49,25,24
2024-11-21,07:17:43,23,49,26,23
2024-11-21,07:18:12,23,49,24,23
2024-11-21,07:18:42,23,49,25,25
2024-11-21,07:19:11,23,49,24,24
2024-11-21,07:19:40,23,49,25,24
2024-11-21,07:20:09,23,49,25,25
2024-11-21,07:20:39,23,49,25,25
2024-11-21,07:21:08,23,49,25,24
2024-11-21,07:21:37,23,49,21,21
2024-11-21,07:22:07,23,49,25,23
2024-11-21,07:22:36,23,49,23,23
2024-11-21,07:23:05,23,49,23,23
2024-11-21,07:23:34,23,49,22,22
2024-11-21,07:24:04,23,49,20,20
2024-11-21,07:24:33,23,49,23,23
2024-11-21,07:25:02,23,49,27,24
2024-11-21,07:25:31,23,49,27,25
2024-11-21,07:26:01,23,49,24,24
2024-11-21,07:26:30,23,49,21,21
2024-11-21,07:26:59,23,49,20,20
2024-11-21,07:27:28,23,49,23,22
2024-11-21,07:27:58,23,49,22,22
2024-11-21,07:28:27,23,49,19,19
2024-11-21,07:28:56,23,49,23,23
2024-11-21,07:29:25,23,49,21,21
2024-11-21,07:29:55,23,49,24,24
2024-11-21,07:30:24,23,49,21,21
2024-11-21,07:30:53,23,49,23,23
2024-11-21,07:31:22,23,49,19,18
2024-11-21,07:31:52,23,49,23,23
2024-11-21,07:32:21,23,49,21,21
2024-11-21,07:32:50,23,49,25,25
2024-11-21,07:33:19,23,49,25,24
2024-11-21,07:33:49,23,49,21,20
2024-11-21,07:34:18,23,49,21,21
2024-11-21,07:34:47,23,49,22,22
2024-11-21,07:35:16,23,49,23,22
2024-11-21,07:35:46,23,49,22,22
2024-11-21,07:36:15,23,49,26,24
2024-11-21,07:36:44,23,49,22,22
2024-11-21,07:37:13,23,49,26,24
2024-11-21,07:37:43,23,49,24,24
2024-11-21,07:38:12,23,49,23,23
2024-11-21,07:38:41,23,49,22,22
2024-11-21,07:39:10,23,49,23,23
2024-11-21,07:39:40,23,49,22,21
2024-11-21,07:40:09,23,49,24,21
2024-11-21,07:40:38,23,49,24,24
2024-11-21,07:41:08,23,49,23,20
2024-11-21,07:41:37,23,49,23,22
2024-11-21,07:42:06,23,49,24,23
2024-11-21,07:42:35,23,49,22,22
2024-11-21,07:43:05,24,49,26,25
2024-11-21,07:43:34,24,49,25,24
2024-11-21,07:44:03,23,49,25,25
2024-11-21,07:44:32,24,48,30,24
2024-11-21,07:45:02,24,48,23,23
2024-11-21,07:45:31,24,48,24,23
2024-11-21,07:46:00,24,48,21,21
2024-11-21,07:46:29,24,48,24,23
2024-11-21,07:46:59,24,48,23,23
2024-11-21,07:47:28,24,48,24,24
2024-11-21,07:47:57,23,48,24,23
2024-11-21,07:48:26,23,48,23,22
2024-11-21,07:48:56,23,48,25,24
2024-11-21,07:49:25,23,48,21,20
2024-11-21,07:49:54,23,49,23,23
2024-11-21,07:50:23,23,49,24,23
2024-11-21,07:50:53,23,49,26,24
2024-11-21,07:51:22,23,48,24,23
2024-11-21,07:51:51,23,48,25,24
2024-11-21,07:52:20,24,48,25,25
2024-11-21,07:52:50,24,48,28,27
2024-11-21,07:53:19,24,48,26,24
2024-11-21,07:53:48,24,48,23,23
2024-11-21,07:54:17,24,48,22,21
2024-11-21,07:54:47,23,48,22,22
2024-11-21,07:55:16,23,48,25,25
2024-11-21,07:55:45,23,48,26,24
2024-11-21,07:56:14,23,48,24,21
2024-11-21,07:56:44,23,48,26,24
2024-11-21,07:57:13,23,48,22,22
2024-11-21,07:57:42,23,48,21,21
2024-11-21,07:58:11,23,48,23,23
2024-11-21,07:58:41,23,48,23,23
2024-11-21,07:59:10,23,48,22,22
2024-11-21,07:59:39,23,48,22,22
2024-11-21,08:00:09,23,48,27,26
2024-11-21,08:00:38,23,48,23,22
2024-11-21,08:01:07,23,48,20,20
2024-11-21,08:01:36,23,48,24,24
2024-11-21,08:02:06,23,48,21,21
2024-11-21,08:02:35,23,48,25,23
2024-11-21,08:03:04,24,48,25,25
2024-11-21,08:03:33,24,48,24,23
2024-11-21,08:04:03,24,48,25,24
2024-11-21,08:04:32,24,48,27,27
2024-11-21,08:05:01,24,48,26,25
2024-11-21,08:05:30,24,48,21,21
2024-11-21,08:06:00,24,48,24,24
2024-11-21,08:06:29,24,48,22,22
2024-11-21,08:06:58,24,48,23,22
2024-11-21,08:07:27,24,48,28,27
2024-11-21,08:07:57,24,48,26,24
2024-11-21,08:08:26,24,48,22,22
2024-11-21,08:08:55,24,48,25,24
2024-11-21,08:09:24,24,48,27,25
2024-11-21,08:09:54,24,48,26,26
2024-11-21,08:10:23,24,48,29,28
2024-11-21,08:10:52,24,48,26,26
2024-11-21,08:11:21,24,48,24,23
2024-11-21,08:11:51,24,48,26,26
2024-11-21,08:12:20,24,48,24,22
2024-11-21,08:12:49,24,48,28,28
2024-11-21,08:13:18,24,48,23,22
2024-11-21,08:13:48,24,48,23,23
2024-11-21,08:14:17,24,48,24,23
2024-11-21,08:14:46,24,48,23,23
2024-11-21,08:15:15,24,48,29,29
2024-11-21,08:15:45,24,48,26,26
2024-11-21,08:16:14,24,48,24,23
2024-11-21,08:16:43,24,48,26,26
2024-11-21,08:17:12,24,48,28,28
2024-11-21,08:17:42,24,48,24,23
2024-11-21,08:18:11,24,48,25,24
2024-11-21,08:18:40,24,48,32,30
2024-11-21,08:19:10,24,48,27,27
2024-11-21,08:19:39,24,48,27,23
2024-11-21,08:20:08,24,48,29,27
2024-11-21,08:20:37,24,48,29,27
2024-11-21,08:21:07,24,48,27,26
2024-11-21,08:21:36,24,48,29,27
2024-11-21,08:22:05,24,48,26,26
2024-11-21,08:22:34,24,48,28,28
2024-11-21,08:23:04,24,48,28,25
2024-11-21,08:23:33,24,48,24,24
2024-11-21,08:24:02,24,48,31,30
2024-11-21,08:24:31,24,48,28,27
2024-11-21,08:25:01,24,48,26,26
2024-11-21,08:25:30,24,48,26,24
2024-11-21,08:25:59,24,48,31,30
2024-11-21,08:26:28,24,48,27,25
2024-11-21,08:26:58,24,48,25,23
2024-11-21,08:27:27,24,48,29,29
2024-11-21,08:27:56,24,48,31,29
2024-11-21,08:28:25,24,48,31,28
2024-11-21,08:28:55,24,48,28,26
2024-11-21,08:29:24,24,48,28,28
2024-11-21,08:29:53,24,48,27,27
2024-11-21,08:30:22,24,48,30,28
2024-11-21,08:30:52,24,48,30,30
2024-11-21,08:31:21,24,48,27,27
2024-11-21,08:31:50,24,48,33,31
2024-11-21,08:32:19,24,48,30,29
2024-11-21,08:32:49,24,48,30,30
2024-11-21,08:33:18,24,48,26,25
2024-11-21,08:33:47,24,48,27,26
2024-11-21,08:34:16,24,48,30,29
2024-11-21,08:34:46,24,48,27,26
2024-11-21,08:35:15,24,48,32,30
2024-11-21,08:35:44,24,48,29,29
2024-11-21,08:36:13,24,48,28,28
2024-11-21,08:36:43,24,48,26,25
2024-11-21,08:37:12,24,48,28,25
2024-11-21,08:37:41,24,48,33,29
2024-11-21,08:38:11,24,48,30,30
2024-11-21,08:38:40,24,47,30,28
2024-11-21,08:39:09,24,47,32,30
2024-11-21,08:39:38,24,48,31,30
2024-11-21,08:40:08,24,48,33,29
2024-11-21,08:40:37,24,48,30,27
2024-11-21,08:41:06,24,48,29,28
2024-11-21,08:41:35,24,48,27,27
2024-11-21,08:42:05,24,48,32,31
2024-11-21,08:42:34,24,47,29,27
2024-11-21,08:43:03,24,47,30,28
2024-11-21,08:43:32,24,47,32,31
2024-11-21,08:44:02,24,47,29,27
2024-11-21,08:44:31,24,47,26,25
2024-11-21,08:45:00,24,47,32,29
2024-11-21,08:45:29,24,47,31,28
2024-11-21,08:45:59,24,47,31,29
2024-11-21,08:46:28,24,47,31,30
2024-11-21,08:46:57,24,47,29,26
2024-11-21,08:47:26,24,47,27,27
2024-11-21,08:47:56,24,47,30,28
2024-11-21,08:48:25,24,47,24,23
2024-11-21,08:48:54,24,47,31,28
2024-11-21,08:49:23,24,47,28,26
2024-11-21,08:49:53,24,47,31,28
2024-11-21,08:50:22,24,47,29,28
2024-11-21,08:50:51,24,47,33,30
2024-11-21,08:51:20,24,47,35,31
2024-11-21,08:51:50,24,47,34,32
2024-11-21,08:52:19,24,47,28,28
2024-11-21,08:52:48,24,47,29,28
2024-11-21,08:53:17,24,47,26,26
2024-11-21,08:53:47,24,47,37,33
2024-11-21,08:54:16,24,47,29,28
2024-11-21,08:54:45,24,47,32,30
2024-11-21,08:55:15,24,47,30,27
2024-11-21,08:55:44,24,47,27,26
2024-11-21,08:56:13,24,47,32,30
2024-11-21,08:56:42,24,47,33,30
2024-11-21,08:57:12,24,47,28,27
2024-11-21,08:57:41,24,47,25,24
2024-11-21,08:58:10,24,47,28,28
2024-11-21,08:58:39,24,47,32,30
2024-11-21,08:59:09,24,47,30,30
2024-11-21,08:59:38,24,47,30,29
2024-11-21,09:00:07,24,47,32,30
2024-11-21,09:00:36,24,47,38,32
2024-11-21,09:01:06,24,47,30,29
2024-11-21,09:01:35,24,47,29,29
2024-11-21,09:02:04,24,47,27,27
2024-11-21,09:02:33,24,47,28,28
2024-11-21,09:03:03,24,47,30,30
2024-11-21,09:03:32,24,47,31,30
2024-11-21,09:04:01,24,47,27,25
2024-11-21,09:04:30,24,47,31,30
2024-11-21,09:05:00,24,47,36,33
2024-11-21,09:05:29,24,47,31,30
2024-11-21,09:05:58,24,47,29,28
2024-11-21,09:06:27,24,47,32,29
2024-11-21,09:06:57,24,47,32,31
2024-11-21,09:07:26,24,47,29,28
2024-11-21,09:07:55,24,47,34,30
2024-11-21,09:08:24,24,47,30,30
2024-11-21,09:08:54,24,47,30,28
2024-11-21,09:09:23,24,47,28,28
2024-11-21,09:09:52,24,47,30,30
2024-11-21,09:10:21,24,47,33,30
2024-11-21,09:10:51,24,47,26,26
2024-11-21,09:11:20,24,47,31,28
2024-11-21,09:11:49,24,47,29,29
2024-11-21,09:12:18,24,47,32,31
2024-11-21,09:12:48,24,47,32,31
2024-11-21,09:13:17,24,47,31,30
2024-11-21,09:13:46,24,47,30,28
2024-11-21,09:14:16,24,47,33,31
2024-11-21,09:14:45,24,47,33,31
2024-11-21,09:15:14,24,47,28,27
2024-11-21,09:15:43,24,47,32,30
2024-11-21,09:16:13,24,47,31,30
2024-11-21,09:16:42,24,47,35,31
2024-11-21,09:17:11,24,47,29,29
2024-11-21,09:17:40,24,47,28,27
2024-11-21,09:18:10,24,47,28,28
2024-11-21,09:18:39,24,47,32,31
2024-11-21,09:19:08,24,47,28,27
2024-11-21,09:19:37,24,47,29,27
2024-11-21,09:20:07,24,47,28,27
2024-11-21,09:20:36,24,47,29,29
2024-11-21,09:21:05,24,47,32,29
2024-11-21,09:21:34,24,47,30,29
2024-11-21,09:22:04,24,47,26,25
2024-11-21,09:22:33,24,47,31,30
2024-11-21,09:23:02,24,47,30,28
2024-11-21,09:23:31,24,47,29,28
2024-11-21,09:24:01,24,47,34,32
2024-11-21,09:24:30,24,47,29,29
2024-11-21,09:24:59,24,47,29,29
2024-11-21,09:25:28,24,47,33,31
2024-11-21,09:25:58,24,47,33,31
2024-11-21,09:26:27,24,47,29,28
2024-11-21,09:26:56,24,47,32,30
2024-11-21,09:27:25,24,47,29,29
2024-11-21,09:27:55,24,47,30,29
2024-11-21,09:28:24,24,47,32,31
2024-11-21,09:28:53,24,47,36,30
2024-11-21,09:29:22,24,47,33,30
2024-11-21,09:29:52,24,47,36,32
2024-11-21,09:30:21,25,47,33,28
2024-11-21,09:30:50,25,47,29,28
2024-11-21,09:31:19,25,47,29,29
2024-11-21,09:31:49,25,46,30,30
2024-11-21,09:32:18,25,46,30,29
2024-11-21,09:32:47,25,46,27,27
2024-11-21,09:33:17,25,46,28,28
2024-11-21,09:33:46,25,46,30,29
2024-11-21,09:34:15,25,46,30,29
2024-11-21,09:34:44,25,46,28,26
2024-11-21,09:35:14,25,46,30,29
2024-11-21,09:35:43,25,46,32,31
2024-11-21,09:36:12,25,46,36,32
2024-11-21,09:36:41,25,46,34,32
2024-11-21,09:37:11,25,46,34,30
2024-11-21,09:37:40,25,46,33,31
2024-11-21,09:38:09,25,46,30,29
2024-11-21,09:38:38,25,46,32,31
2024-11-21,09:39:08,25,46,30,30
2024-11-21,09:39:37,25,46,33,31
2024-11-21,09:40:06,25,46,29,29
2024-11-21,09:40:35,25,46,35,31
2024-11-21,09:41:05,25,46,33,31
2024-11-21,09:41:34,25,46,32,30
2024-11-21,09:42:03,25,46,34,31
2024-11-21,09:42:32,25,46,36,31
2024-11-21,09:43:02,25,46,29,27
2024-11-21,09:43:31,25,46,34,30
2024-11-21,09:44:00,25,46,31,30
2024-11-21,09:44:29,25,46,32,30
2024-11-21,09:44:59,25,46,36,32
2024-11-21,09:45:28,25,46,34,32
2024-11-21,09:45:57,25,46,32,30
2024-11-21,09:46:26,25,46,31,29
2024-11-21,09:46:56,25,46,31,30
2024-11-21,09:47:25,25,46,28,28
2024-11-21,09:47:54,25,46,30,30
2024-11-21,09:48:23,25,46,32,30
2024-11-21,09:48:53,25,46,34,32
2024-11-21,09:49:22,25,46,36,33
2024-11-21,09:49:51,25,46,30,30
2024-11-21,09:50:21,25,46,34,31
2024-11-21,09:50:50,25,46,33,32
2024-11-21,09:51:19,25,46,28,28
2024-11-21,09:51:48,25,46,32,30
2024-11-21,09:52:18,25,46,35,31
2024-11-21,09:52:47,25,46,37,32
2024-11-21,09:53:16,25,46,27,27
2024-11-21,09:53:45,25,46,30,29
2024-11-21,09:54:15,25,46,30,28
2024-11-21,09:54:44,25,46,33,30
2024-11-21,09:55:13,25,46,33,31
2024-11-21,09:55:42,25,46,29,28
2024-11-21,09:56:12,25,46,33,30
2024-11-21,09:56:41,25,46,30,29
2024-11-21,09:57:10,25,46,34,32
2024-11-21,09:57:39,25,46,29,27
2024-11-21,09:58:09,25,46,35,30
2024-11-21,09:58:38,25,46,31,30
2024-11-21,09:59:07,25,46,35,32
2024-11-21,09:59:36,25,46,33,31
2024-11-21,10:00:06,25,46,32,30
2024-11-21,10:00:35,25,46,31,29
2024-11-21,10:01:04,25,46,31,30
2024-11-21,10:01:33,25,46,33,31
2024-11-21,10:02:03,25,46,35,31
2024-11-21,10:02:32,25,46,32,30
2024-11-21,10:03:01,25,46,32,30
2024-11-21,10:03:30,25,46,33,30
2024-11-21,10:04:00,25,46,34,31
2024-11-21,10:04:29,25,46,32,31
2024-11-21,10:04:58,25,46,34,32
2024-11-21,10:05:27,25,46,29,29
2024-11-21,10:05:57,25,46,30,29
2024-11-21,10:06:26,25,46,31,28
2024-11-21,10:06:55,25,46,29,28
2024-11-21,10:07:24,25,46,29,28
2024-11-21,10:07:54,25,46,32,30
2024-11-21,10:08:23,25,46,33,30
2024-11-21,10:08:52,25,46,31,29
2024-11-21,10:09:21,25,46,31,30
2024-11-21,10:09:51,25,46,34,32
2024-11-21,10:10:20,25,46,33,31
2024-11-21,10:10:49,25,46,32,30
2024-11-21,10:11:19,25,46,30,30
2024-11-21,10:11:48,25,46,29,28
2024-11-21,10:12:17,25,46,27,27
2024-11-21,10:12:46,25,46,33,30
2024-11-21,10:13:16,25,46,29,29
2024-11-21,10:13:45,25,46,31,29
2024-11-21,10:14:14,25,46,33,31
2024-11-21,10:14:43,25,46,35,32
2024-11-21,10:15:13,25,46,32,31
2024-11-21,10:15:42,25,46,31,30
2024-11-21,10:16:11,25,46,30,30
2024-11-21,10:16:40,25,46,31,30
2024-11-21,10:17:10,25,46,33,32
2024-11-21,10:17:39,25,46,34,31
2024-11-21,10:18:08,25,46,34,31
2024-11-21,10:18:37,25,46,29,28
2024-11-21,10:19:07,25,46,31,30
2024-11-21,10:19:36,25,46,32,31
2024-11-21,10:20:05,25,46,26,26
2024-11-21,10:20:34,25,46,31,30
2024-11-21,10:21:04,25,46,32,30
2024-11-21,10:21:33,25,46,39,33
2024-11-21,10:22:02,25,46,34,29
2024-11-21,10:22:31,25,46,32,30
2024-11-21,10:23:01,25,46,33,30
2024-11-21,10:23:30,25,46,33,30
2024-11-21,10:23:59,25,46,32,31
2024-11-21,10:24:28,25,46,33,31
2024-11-21,10:24:58,25,46,32,31
2024-11-21,10:25:27,25,46,32,30
2024-11-21,10:25:56,25,46,29,28
2024-11-21,10:26:25,25,46,36,30
2024-11-21,10:26:55,25,46,34,30
2024-11-21,10:27:24,25,46,29,28
2024-11-21,10:27:53,25,46,33,31
2024-11-21,10:28:23,25,46,33,31
2024-11-21,10:28:52,26,46,35,31
2024-11-21,10:29:21,26,46,34,29
2024-11-21,10:29:50,26,46,29,27
2024-11-21,10:30:20,26,46,31,30
2024-11-21,10:30:49,26,46,30,29
2024-11-21,10:31:18,26,46,32,29
2024-11-21,10:31:47,26,46,28,28
2024-11-21,10:32:17,26,45,33,30
2024-11-21,10:32:46,26,45,32,31
2024-11-21,10:33:15,26,45,34,32
2024-11-21,10:33:44,26,45,33,30
2024-11-21,10:34:14,26,45,32,30
2024-11-21,10:34:43,26,45,34,30
2024-11-21,10:35:12,26,45,34,32
2024-11-21,10:35:41,26,45,34,32
2024-11-21,10:36:11,26,45,32,30
2024-11-21,10:36:40,26,45,35,32
2024-11-21,10:37:09,26,45,32,30
2024-11-21,10:37:38,26,45,38,34
2024-11-21,10:38:08,26,45,35,32
2024-11-21,10:38:37,26,45,34,31
2024-11-21,10:39:06,26,45,35,32
2024-11-21,10:39:35,26,45,37,30
2024-11-21,10:40:05,26,45,32,30
2024-11-21,10:40:34,26,45,30,28
2024-11-21,10:41:03,26,45,32,30
2024-11-21,10:41:32,26,46,30,29
2024-11-21,10:42:02,26,46,32,30
2024-11-21,10:42:31,26,46,31,29
2024-11-21,10:43:00,26,46,32,30
2024-11-21,10:43:29,26,46,31,30
2024-11-21,10:43:59,26,46,32,30
2024-11-21,10:44:28,26,46,34,32
2024-11-21,10:44:57,26,47,36,33
2024-11-21,10:45:26,26,47,37,33
2024-11-21,10:45:56,26,47,33,30
2024-11-21,10:46:25,26,47,29,28
2024-11-21,10:46:54,26,47,32,30
2024-11-21,10:47:24,26,47,28,28
2024-11-21,10:47:53,26,47,32,31
2024-11-21,10:48:22,26,47,32,31
2024-11-21,10:48:51,26,47,37,32
2024-11-21,10:49:21,27,47,30,30
2024-11-21,10:49:50,27,47,32,31
2024-11-21,10:50:19,27,47,34,32
2024-11-21,10:50:48,27,47,31,29
2024-11-21,10:51:18,27,47,36,32
2024-11-21,10:51:47,27,47,28,27
2024-11-21,10:52:16,27,47,33,32
2024-11-21,10:52:45,27,47,30,28
2024-11-21,10:53:15,27,47,37,33
2024-11-21,10:53:44,27,47,33,31
2024-11-21,10:54:13,27,47,35,31
2024-11-21,10:54:42,27,47,35,31
2024-11-21,10:55:12,27,47,35,32
2024-11-21,10:55:41,27,47,35,31
2024-11-21,10:56:10,27,47,32,30
2024-11-21,10:56:39,27,47,32,30
2024-11-21,10:57:09,27,47,35,32
2024-11-21,10:57:38,27,47,33,32
2024-11-21,10:58:07,26,47,34,30
2024-11-21,10:58:36,26,45,37,33
2024-11-21,10:59:06,26,44,35,32
2024-11-21,10:59:35,26,44,35,33
2024-11-21,11:00:04,26,44,29,27
2024-11-21,11:00:33,26,44,34,31
2024-11-21,11:01:03,26,43,33,30
2024-11-21,11:01:32,25,43,29,28
2024-11-21,11:02:01,25,43,32,29
2024-11-21,11:02:30,25,42,36,32
2024-11-21,11:03:00,25,42,38,33
2024-11-21,11:03:29,25,42,33,30
2024-11-21,11:03:58,25,42,38,33
2024-11-21,11:04:27,25,42,37,32
2024-11-21,11:04:57,25,42,33,31
2024-11-21,11:05:26,24,42,30,30
2024-11-21,11:05:55,24,42,29,28
2024-11-21,11:06:25,24,41,27,27
2024-11-21,11:06:54,24,41,30,29
2024-11-21,11:07:23,24,41,25,25
2024-11-21,11:07:52,24,41,34,32
2024-11-21,11:08:22,24,41,34,32
2024-11-21,11:08:51,24,41,36,32
2024-11-21,11:09:20,24,41,35,33
2024-11-21,11:09:49,24,41,33,31
2024-11-21,11:10:19,24,41,31,30
2024-11-21,11:10:48,24,41,35,32
2024-11-21,11:11:17,24,41,34,31
2024-11-21,11:11:46,24,41,40,35
2024-11-21,11:12:16,24,41,38,33
2024-11-21,11:12:45,24,41,34,32
2024-11-21,11:13:14,24,41,41,36
2024-11-21,11:13:43,24,41,39,33
2024-11-21,11:14:13,24,41,36,33
2024-11-21,11:14:42,24,41,39,34
2024-11-21,11:15:11,24,41,36,33
2024-11-21,11:15:40,24,41,38,35
2024-11-21,11:16:10,24,41,42,35
2024-11-21,11:16:39,24,41,39,33
2024-11-21,11:17:08,24,41,37,34
2024-11-21,11:17:37,24,40,48,39
2024-11-21,11:18:07,24,40,59,48
2024-11-21,11:18:36,24,40,58,48
2024-11-21,11:19:05,24,41,57,47
2024-11-21,11:19:34,24,40,62,48
2024-11-21,11:20:04,24,40,60,48
2024-11-21,11:20:33,24,40,52,43
2024-11-21,11:21:02,24,40,57,46
2024-11-21,11:21:31,24,40,58,47
2024-11-21,11:22:01,24,40,56,47
2024-11-21,11:22:30,24,40,60,48
2024-11-21,11:22:59,24,40,61,49
2024-11-21,11:23:29,24,40,57,46
2024-11-21,11:23:58,24,40,60,49
2024-11-21,11:24:27,24,40,60,48
2024-11-21,11:24:56,24,40,63,50
2024-11-21,11:25:26,23,40,67,53
2024-11-21,11:25:55,23,40,63,51
2024-11-21,11:26:24,23,40,66,53
2024-11-21,11:26:53,23,40,62,51
2024-11-21,11:27:23,23,41,58,48
2024-11-21,11:27:52,23,41,63,51
2024-11-21,11:28:21,23,41,61,49
2024-11-21,11:28:50,23,41,62,51
2024-11-21,11:29:20,23,40,60,50
2024-11-21,11:29:49,23,41,60,49
2024-11-21,11:30:18,23,40,59,47
2024-11-21,11:30:47,23,41,62,49
2024-11-21,11:31:17,23,41,61,50
2024-11-21,11:31:46,23,41,62,51
2024-11-21,11:32:15,23,41,63,50
2024-11-21,11:32:44,23,41,61,49
2024-11-21,11:33:14,23,40,65,51
2024-11-21,11:33:43,23,41,65,52
2024-11-21,11:34:12,23,41,63,50
2024-11-21,11:34:41,23,41,64,51
2024-11-21,11:35:11,23,41,61,49
2024-11-21,11:35:40,23,41,65,52
2024-11-21,11:36:09,23,41,61,49
2024-11-21,11:36:38,23,41,64,51
2024-11-21,11:37:08,23,41,63,50
2024-11-21,11:37:37,23,41,64,52
2024-11-21,11:38:06,23,41,64,52
2024-11-21,11:38:35,23,41,63,50
2024-11-21,11:39:05,23,41,64,51
2024-11-21,11:39:34,23,41,66,52
2024-11-21,11:40:03,23,41,60,48
2024-11-21,11:40:33,23,41,63,50
2024-11-21,11:41:02,23,41,61,49
2024-11-21,11:41:31,23,41,66,53
2024-11-21,11:42:00,23,41,64,52
2024-11-21,11:42:30,23,41,63,51
2024-11-21,11:42:59,23,41,61,49
2024-11-21,11:43:28,23,41,62,51
2024-11-21,11:43:57,23,41,63,51
2024-11-21,11:44:27,23,41,61,49
2024-11-21,11:44:56,23,41,62,51
2024-11-21,11:45:25,24,41,64,52
2024-11-21,11:45:54,24,41,64,51
2024-11-21,11:46:24,24,41,67,56
2024-11-21,11:46:53,24,41,66,52
2024-11-21,11:47:22,24,41,62,51
2024-11-21,11:47:51,24,41,63,51
2024-11-21,11:48:21,24,41,61,51
2024-11-21,11:48:50,24,41,61,51
2024-11-21,11:49:19,24,41,66,53
2024-11-21,11:49:48,24,41,61,50
2024-11-21,11:50:18,24,41,63,51
2024-11-21,11:50:47,24,41,66,53
2024-11-21,11:51:16,24,40,64,52
2024-11-21,11:51:45,24,41,61,50
2024-11-21,11:52:15,24,41,64,52
2024-11-21,11:52:44,24,41,67,55
2024-11-21,11:53:13,24,41,62,51
2024-11-21,11:53:42,24,41,67,53
2024-11-21,18:19:04,19,50,6,6
2024-11-21,18:19:32,23,47,6,6
2024-11-21,18:20:01,23,47,6,6
2024-11-21,18:42:44,23,48,7,7
2024-11-21,18:44:22,23,48,7,5
2024-11-21,18:44:51,23,48,6,5
2024-11-21,18:45:35,23,52,6,6
2024-11-21,18:46:04,24,55,5,5
2024-11-21,18:46:58,25,59,8,8
2024-11-21,18:47:10,25,48,10,10
2024-11-21,18:47:40,25,47,8,8
2024-11-21,18:48:09,24,47,7,7
2024-11-21,18:49:16,24,46,7,6
2024-11-21,20:21:53,24,47,20,20
2024-11-21,20:23:17,23,49,19,18
2024-11-21,20:23:46,23,49,19,18
2024-11-21,20:26:37,23,49,20,18
2024-11-21,20:27:58,23,49,19,17
2024-11-21,20:30:38,23,49,19,19
2024-11-21,20:31:08,23,49,19,19
2024-11-21,20:31:37,23,49,23,21
2024-11-21,20:32:06,23,49,22,20
2024-11-21,20:32:35,23,49,24,20
2024-11-21,20:33:34,23,49,24,21
2024-11-21,20:34:03,23,49,23,20
2024-11-21,20:51:50,22,50,24,22
2024-11-21,20:51:59,23,49,23,23
2024-11-21,20:52:12,23,50,20,20
2024-11-21,20:52:41,23,50,20,20
2024-11-22,14:08:58,21,27,13,13
2024-11-22,14:09:27,22,22,13,13
2024-11-22,14:20:03,22,22,17,17
2024-11-22,14:20:32,23,24,16,16
2024-11-22,14:23:03,23,24,16,15
2024-11-22,14:23:32,23,26,18,16
2024-11-22,14:25:48,23,26,13,12
2024-11-22,14:26:18,23,26,16,14
2024-11-22,14:28:02,23,27,12,12
2024-11-22,14:28:31,23,27,12,12
2024-11-22,14:29:01,23,27,12,12
2024-11-22,14:30:54,23,27,14,13
2024-11-22,14:31:38,23,28,13,11
2024-11-22,14:35:47,23,29,10,10
2024-11-22,14:35:55,23,29,12,11
2024-11-22,14:41:10,23,29,12,12
2024-11-22,14:41:57,23,29,12,12
2024-11-22,14:42:41,23,29,9,9
2024-11-22,14:43:11,23,29,13,13
2024-11-22,14:43:41,23,29,12,12
2024-11-22,14:44:10,23,29,10,10
2024-11-22,14:44:39,23,30,10,10
2024-11-22,14:45:08,23,32,10,10
2024-11-22,15:33:31,23,32,11,11
2024-11-22,15:36:34,23,33,12,12
2024-11-22,15:37:03,23,33,12,12
2024-11-22,15:37:38,23,33,10,10
2024-11-22,15:37:46,23,33,10,10
2024-11-22,15:37:54,23,33,10,10
2024-11-22,15:38:01,24,33,11,11
2024-11-22,15:38:30,24,33,12,12
2024-11-22,15:39:41,23,33,13,12
2024-11-22,15:44:18,23,33,12,12
2024-11-22,15:44:47,23,33,12,12
2024-11-22,16:01:27,23,33,12,12
2024-11-22,16:04:34,23,34,12,12
2024-11-22,16:05:55,23,34,12,12
2024-11-22,16:06:25,23,34,13,12
2024-11-22,16:10:12,23,34,11,10
2024-11-22,16:10:19,23,34,12,11
2024-11-22,16:10:49,23,34,13,12
2024-11-22,16:11:18,23,34,13,13
2024-11-22,16:11:47,23,34,11,11
2024-11-22,16:15:27,23,34,12,11
2024-11-22,16:15:57,23,34,13,11
2024-11-22,17:03:56,23,34,10,10
2024-11-22,17:04:06,23,35,12,11
2024-11-22,17:04:35,23,35,12,11
2024-11-22,17:04:59,23,35,12,11
2024-11-22,17:05:06,23,35,12,11
2024-11-22,17:05:08,23,35,14,12
2024-11-22,17:05:14,23,35,14,12
2024-11-22,17:05:15,23,35,15,13
2024-11-22,17:05:29,23,35,15,14
2024-11-22,17:05:36,23,35,13,13
2024-11-22,17:05:38,23,35,12,12
2024-11-22,17:05:44,23,35,11,11
2024-11-22,17:05:45,23,35,14,13
2024-11-22,17:06:00,23,35,13,12
2024-11-22,17:06:06,23,35,12,12
2024-11-22,17:06:08,23,36,14,14
2024-11-22,17:06:14,23,36,14,14
2024-11-22,17:06:15,23,36,12,12
2024-11-22,17:06:30,23,36,12,12
2024-11-22,17:06:36,23,35,11,11
2024-11-22,17:06:38,23,35,12,12
2024-11-22,17:06:44,23,35,12,12
2024-11-22,17:06:45,23,35,13,12
2024-11-22,17:07:00,23,35,14,13
2024-11-22,17:07:07,23,35,14,14
2024-11-22,17:07:09,23,35,13,13
2024-11-22,17:07:15,23,35,13,13
2024-11-22,17:07:16,23,35,12,12
2024-11-22,17:07:30,23,35,12,12
2024-11-22,17:07:37,23,35,13,12
2024-11-22,17:07:39,23,35,12,11
2024-11-22,17:07:45,23,35,11,10
2024-11-22,17:07:46,23,35,12,11
2024-11-22,17:11:25,23,35,17,15
2024-11-22,17:15:05,23,35,12,10
2024-11-22,17:15:34,23,35,12,11
2024-11-22,17:16:03,23,36,13,12
2024-11-22,17:16:33,23,35,12,12
2024-11-22,17:17:02,23,35,11,11
2024-11-22,17:17:31,23,35,15,13
2024-11-22,17:18:00,23,35,13,13
2024-11-22,17:18:30,23,35,14,14
2024-11-22,17:18:59,23,35,11,10
2024-11-22,17:19:28,23,35,10,9
2024-11-22,17:19:47,23,35,13,12
2024-11-22,17:21:14,23,35,15,14
2024-11-22,17:21:43,23,35,15,14
2024-11-22,17:22:12,23,35,11,11
2024-11-22,17:22:20,23,35,13,13
2024-11-22,17:22:49,23,35,14,14
2024-11-22,17:23:19,23,35,14,13
